component	audience	legacy_site_count	analysis_status	analysis_scope	analysis_evidence	native_function	native_test_or_fixture	status	prerequisites
shared-general-numeric-formatting	player/operator/generated text	224	exact_component_oracle	INTEGER, MBF32, and MBF64 STR$ spelling plus the shared ordinary PRINT numeric body/semicolon/newline disposition	docs/runtime/qb-numeric-formatting.md; tools/qb_numeric.py; tests/test_qb_numeric.py; analysis/disassembly/qb-numeric.static.txt	src/qb_format.c::{qb_str_*,qb_print_*}	tests/test_qb.c	candidate	add exact deterministic native component fixture, state/effect, caller-edge and failure-prefix fixtures
shared-action-finalizer-output	player	4	exact_component_oracle	YT:[A6E3,A8D2): exact shared action finalizer and fresh-player no-turn gate, including cloak cadence/output, turn debit and line, RNG/Xannor handoff, endpoint state, and ordered failure boundaries	docs/runtime/action-finalizer-output.md; tools/ytaction_finalizer_output.py; analysis/disassembly/ytaction-finalizer-output.static.txt	src/yt_session.c::{finalize_action,fresh_no_turn_gate}	(missing exact native component fixture)	candidate	add exact deterministic native component fixture, state/effect, caller-edge and failure-prefix fixtures
main-projectile-launch-output	player	6	exact_component_oracle	YT:[2059,2341): exact missile/plasma launcher parent, including entry display snapshot versus fresh ammo values, dual completed-A41C prompt snapshots, target retry and quantity validation, accepted A6E3/debit/PUT order, raw FIELD/latch/cache/RNG and by-reference state adapters, typed projectile/counterlaunch/Xannor children, fatal versus YT:161D continuation, and one ordinary active-main '+' dispatch and raw plasma-child composition through YT:161D, its canonical raw-storage scanner, return A41C, fresh prompt, and one AB36 poll	docs/runtime/main-projectile-launch-output.md; docs/runtime/main-plasma-cycle-output.md; docs/gameplay/main-commands.md; tools/ytmain_projectile_output.py; tools/ytmain_plasma_launch_output.py; tools/ytmain_plasma_cycle_output.py; tests/test_ytmain_projectile_output.py; tests/test_ytmain_plasma_launch_output.py; tests/test_ytmain_plasma_cycle_output.py; analysis/disassembly/ytmain-projectile-output.static.txt	src/yt_session.c::{command_projectile,launch_projectile}	(missing exact native component fixture)	candidate	add exact deterministic native component fixture, state/effect, caller-edge and failure-prefix fixtures
main-missile-fatal-cycle-output	player	0	exact_component_oracle	exact main-command missile launch composition with one natural outgoing-cruise/player-counterlaunch/return-cruise destruction object graph, plus exact independently supplied child-result adapters, exponent-only DS:18B4 test at YT:[232E,233E), YT:233B -> YT:06C4 handoff, and complete common fatal/death/wait/normal-exit cycle, preserving ordered output, FIELD, persistent/news state, pager, RNG, wait, and terminal effects	docs/runtime/main-missile-fatal-cycle-output.md; tools/ytmain_missile_fatal_cycle_output.py; tests/test_ytmain_missile_fatal_cycle_output.py; analysis/disassembly/ytmain-missile-fatal-cycle-output.static.txt	(missing mapping)	(missing)	missing	identify exact C owner; exact remote bytes and local result; edge tests
main-missile-cycle-output	player	0	exact_component_oracle	exact nonfatal main-command missile cycle from active YT:1659 prompt and ')' dispatch through one natural no-impact cruise, plus connected nonfatal Xannor/Mercenary defended-sector return fixtures, zero-effect YT:233E -> YT:161D continuation, mandatory mode-zero current-sector scanner, fresh YT:1659 prompt, and one AB36 poll; preserves authoritative raw projectile world, scanner terminal FIELD, pager, cache, scratch, persistence, and continuous RNG state through explicit typed adapters	docs/runtime/main-missile-cycle-output.md; tools/ytmain_missile_cycle_output.py; tests/test_ytmain_missile_cycle_output.py; tests/test_ytmain_missile_launch_output.py; analysis/disassembly/ytmain-missile-cycle-output.static.txt	(missing mapping)	(missing)	missing	identify exact C owner; exact remote bytes and local result; edge tests
ordinary-movement-output	player	4	exact_component_oracle	YT:[1ADF,1CFD): exact ordinary-movement parent, including fresh no-turn gating, physical warp-list construction, destination editor/repeat and validation paths, danger confirmation, accepted finalizer/player PUT/cache order, raw FIELD/latch/cache/RNG adapters, and YT:1659 versus YT:081F continuations	docs/runtime/main-movement-output.md; docs/gameplay/command-shell.md; tools/ytmain_movement_output.py; tests/test_ytmain_movement_output.py; analysis/disassembly/ytmain-movement-output.static.txt	src/yt_session.c::command_move	(missing exact native component fixture)	candidate	add exact deterministic native component fixture, state/effect, caller-edge and failure-prefix fixtures
main-movement-cycle-output	player	0	exact_component_oracle	exact active-main command-M cycle from YT:1659 A41C, prompt, editor, and first-byte dispatch through YT:[1ADF,1CFD); ordinary direct-YT:1659 outcomes continue through an independent return A41C, fresh prompt, and one AB36 poll, while accepted movement continues through exactly one YT:[081F,09C9) gameplay-reentry scanner/router pass to its typed hazard, hostile, error, terminal, or first-main-poll boundary, preserving independent shell/gate/router/return A41C state, route-sensitive FIELD/cache residue, separated shared scratch roles, and joined finalizer/scanner draw identities	docs/runtime/main-movement-cycle-output.md; tools/ytmain_movement_cycle_output.py; tests/test_ytmain_movement_cycle_output.py; analysis/disassembly/ytmain-movement-cycle-output.static.txt	(missing mapping)	(missing)	missing	identify exact C owner; exact remote bytes and local result; edge tests
main-attack-cycle-output	player	0	exact_component_oracle	exact bounded active-main command-A composition from YT:1659 A41C, prompt/editor and first-byte dispatch through YT:[292A,2F83), with independent raw target/current reads, ordered dirty/durable FIELD overlays, radio and opaque RNG terminal adapters, direct YT:1659 fresh-prompt continuations, one candidate-exhaustion YT:[081F,09C9) scanner/router pass, one optional admitted black-hole/nonfatal-mine continuation without scanner replay, optional mine emergency warp, and one following re-entry pass with retained exact admitted-sector/process context and exact child RNG partitions, and the existing fighter-kill/common-fatal child when reached	docs/runtime/main-attack-cycle-output.md; docs/runtime/main-attack-hazard-cycle-output.md; docs/runtime/direct-player-attack-output.md; docs/runtime/gameplay-loop-reentry-output.md; docs/runtime/gameplay-hazard-cycle-output.md; tools/ytmain_attack_cycle_output.py; tools/ytmain_attack_hazard_cycle_output.py; tools/ytgameplay_reentry_output.py; tools/ytgameplay_hazard_cycle_output.py; compose_main_emergency_hazard_join; tests/test_ytmain_attack_cycle_output.py; tests/test_ytmain_attack_hazard_cycle_output.py; tests/test_ytgameplay_hazard_cycle_output.py; analysis/disassembly/ytmain-attack-cycle-output.static.txt; analysis/disassembly/ytmain-attack-hazard-cycle-output.static.txt	(missing mapping)	(missing)	missing	identify exact C owner; exact remote bytes and local result; edge tests
active-spy-sweep-output	player	30	exact_component_oracle	YT-SUB2:[1D3A,257D): exact active-spy scan/report/pause/move engine, including the private 24A5 finding-header helper, cached-player cloak draw order and mutation, direct row bytes, sound, ordered record access and updater call/PUT identity, the adjacent drain/press-helper composition, warp draws, process state residue, and bounded failures/nontermination	docs/runtime/active-spy-sweep-output.md; docs/gameplay/spies.md; tools/ytspy_sweep_output.py; tests/test_ytspy_sweep_output.py; analysis/disassembly/ytspy-sweep-output.static.txt	src/yt_session.c::spy_sweep	(missing exact native component fixture)	candidate	add exact deterministic native component fixture, state/effect, caller-edge and failure-prefix fixtures
shared-player-death-output	player	15	exact_component_oracle	YT-SUB:[2993,2DDA): exact raw victim/cache clears, ordered sector/team/port FIELD mutations, direct title row, killer credit, kill/port newspaper transactions, endpoint state, and bounded failure prefixes; includes the successful shared YT-SUB:[1A9B,1AD3) one-line news append	docs/runtime/player-death-output.md; docs/gameplay/player-combat.md; tools/ytdeath_output.py; tools/ytdeath_world.py; tests/test_ytdeath_output.py; tests/test_ytdeath_world.py; analysis/disassembly/ytdeath-output.static.txt	src/yt_session.c::{kill_player,team_remove_player}	(missing exact native component fixture)	candidate	add exact deterministic native component fixture, state/effect, caller-edge and failure-prefix fixtures
common-fatal-death-cycle-output	player	0	exact_component_oracle	YT:[06C4,0739): exact common fatal-message cycle through the direct fatal row, current-player reload, selector-3 music, forced self-death, five-second key/time wait, and confirmed normal-exit composition, including ordered durable state and the eight shipped caller seams	docs/runtime/common-fatal-death-cycle-output.md; tools/ytcommon_fatal_cycle_output.py; tests/test_ytcommon_fatal_cycle_output.py; analysis/disassembly/ytcommon-fatal-death-cycle-output.static.txt	(missing mapping)	(missing)	missing	identify exact C owner; exact remote bytes and local result; edge tests
direct-player-attack-output	player	19	exact_component_oracle	YT:[292A,2E80) plus YT-SUB:[250B,255B): exact direct player-target scan, confirmation/editor admission, reserve commit, pre-tested MBF attrition, raw-alias casualty radio, stale-reserve result rows, shield spill, ordered FIELD/file effects, RNG, pager/ANSI state, failures, and terminal joins	docs/runtime/direct-player-attack-output.md; docs/gameplay/player-combat.md; docs/gameplay/main-commands.md; tools/ytdirect_attack_output.py; tests/test_ytdirect_attack_output.py; analysis/disassembly/ytdirect-attack-output.static.txt	src/yt_session.c::attack_player	(missing exact native component fixture)	candidate	add exact deterministic native component fixture, state/effect, caller-edge and failure-prefix fixtures
direct-fighter-kill-output	player	2	exact_component_oracle	YT:[2E80,2F83): exact survivor/kill gate and ordered sound -> raw player-death -> raw salvage -> full-original-mine deployment -> paged attention/news -> unconditional raw sector-mine composition, including caller FIELD/news/RNG state, literal bytes, failure prefixes, and terminal handoffs	docs/runtime/direct-fighter-kill-output.md; docs/runtime/player-death-output.md; docs/runtime/ship-salvage-output.md; docs/runtime/sector-mine-output.md; tools/ytdirect_fighter_kill_output.py; tests/test_ytdirect_fighter_kill_output.py; analysis/disassembly/ytdirect-fighter-kill-output.static.txt	(missing mapping)	(missing)	missing	identify exact C owner; exact remote bytes and local result; edge tests
direct-fighter-fatal-cycle-output	player	0	exact_component_oracle	exact full YT:[2E80,2F83) direct-fighter kill-tail composition, including the post-mine destroyed-flag test at YT:2F70 and YT:2F7D -> YT:06C4 handoff, through the complete common fatal/death/wait/normal-exit cycle, preserving ordered child output, FIELD, persistent-state, pager, sound, wait, and terminal effects	docs/runtime/direct-fighter-fatal-cycle-output.md; tools/ytdirect_fatal_cycle_output.py; tests/test_ytdirect_fatal_cycle_output.py; analysis/disassembly/ytdirect-fatal-cycle-output.static.txt	(missing mapping)	(missing)	missing	identify exact C owner; exact remote bytes and local result; edge tests
deployed-fighter-attack-bribe-output	player	38	exact_component_oracle	YT:[0B20,127D) plus YT:[12C0,158A): exact Attack/Bribe admission, post-tested attrition, one-shot surrender, casualty/reward/news rows, sticky Mercenary latch, strict three-draw bribe, ANSI/pager/editor state, RNG order, semantic FIELD effects, failure prefixes, and child/re-entry seams; the embedded YT:[127D,1286) Quit wrapper is joined by the separate hostile-quit cycle while YT:[1286,12C0) retains main-shell helper ownership	docs/runtime/deployed-fighter-attack-bribe-output.md; docs/gameplay/player-combat.md; tools/ytdeployed_fighter_output.py; tools/ytcombat.py; tests/test_ytdeployed_fighter_output.py; analysis/disassembly/ytdeployed-fighter-output.static.txt; analysis/disassembly/ytcombat.static.txt	(missing mapping)	(missing)	missing	identify exact C owner; exact remote bytes and local result; edge tests
shared-shield-spill-output	player	2	exact_component_oracle	YT-SUB:[9C6B,9D3D): exact pre-tested fighter/shield spill arithmetic and RND polarity plus both unconditional direct result rows, ANSI/local endpoint state, and caller return	docs/runtime/deployed-fighter-attack-bribe-output.md; docs/gameplay/player-combat.md; tools/ytdeployed_fighter_output.py; tools/ytcombat.py; tests/test_ytdeployed_fighter_output.py; tests/test_ytcombat.py; analysis/disassembly/ytdeployed-fighter-output.static.txt; analysis/disassembly/ytcombat.static.txt	(missing mapping)	(missing)	missing	identify exact C owner; exact remote bytes and local result; edge tests
player-missile-counterlaunch-output	player	6	exact_component_oracle	YT-SUB:[9D3D,9FBE): exact latch gates, retained count scratch and fallback RNG, raw context/cloak swap, target debit, direct/news bytes, typed cruise-child handoff, conditional restoration, and final four-second wait	docs/runtime/missile-counterlaunch-output.md; docs/gameplay/player-combat.md; tools/ytcounterlaunch_output.py; tools/ytcounterlaunch_world.py; tests/test_ytcounterlaunch_output.py; tests/test_ytcounterlaunch_world.py; analysis/disassembly/ytcounterlaunch-output.static.txt	src/yt_session.c::launch_player_counterattack	(missing exact native component fixture)	candidate	add exact deterministic native component fixture, state/effect, caller-edge and failure-prefix fixtures
xannor-retaliation-output	player	4	exact_component_oracle	YT-SUB:[9956,9B47): exact score/provoker and Headquarters gates, raw TIMER reseeds and four-draw order, random-target override, raw Xannor context/cloak swap, direct bytes, live by-reference Headquarters origin, child handoff, restoration, final GET/wait, and conditional latch clear	docs/runtime/xannor-retaliation-output.md; docs/gameplay/player-combat.md; tools/ytxannor_retaliation_output.py; tests/test_ytxannor_retaliation_output.py; analysis/disassembly/ytxannor-retaliation-output.static.txt	src/yt_session.c::launch_xannor_retaliation	(missing exact native component fixture)	candidate	add exact deterministic native component fixture, state/effect, caller-edge and failure-prefix fixtures
team-personal-radio-audit-output	player	16	exact_component_oracle	YT-SUB2:[17F0,194B): exact join/quit/invalid-password and stale-message construction, DATE$/TIME$ order, team-loader cache/FIELD state, four-slot CINT/numeric-self predicate, recipient-order YTRMSG records, and bounded writer failures	docs/runtime/team-radio-audit-output.md; docs/gameplay/teams.md; docs/file-formats/YTRMSG.md; tools/ytteam_radio_audit_output.py; tests/test_ytteam_radio_audit_output.py; analysis/disassembly/ytteam-radio-audit-output.static.txt	src/yt_session.c::team_audit	(missing exact native component fixture)	candidate	add exact deterministic native component fixture, state/effect, caller-edge and failure-prefix fixtures
shared-ship-salvage-output	player	17	exact_component_oracle	YT-SUB:[2DDD,3569): exact valid-killer gate, direct and newspaper rows, six initial and requested-cargo RNG draws, timed waits, ordered FIELD GET/PUT persistence, endpoint state, and bounded failure prefixes	docs/runtime/ship-salvage-output.md; tools/ytsalvage_output.py; tools/ytsalvage_world.py; tests/test_ytsalvage_output.py; tests/test_ytsalvage_world.py; analysis/static/ytsalvage-output.txt	src/yt_session.c::salvage_player	(missing exact native component fixture)	candidate	add exact deterministic native component fixture, state/effect, caller-edge and failure-prefix fixtures
ordinary-port-docking-controller-output	player	6	exact_component_oracle	YT:[660D,67CC): exact shared docking controller, no-turn and no-port exits, Earth handoff, ordinary updater/report and signed-factor trade order, no-tradable-goods notice, final fresh credits/holds row, endpoint state, and failure boundaries	docs/runtime/port-docking-output.md; tools/ytdock_output.py; tests/test_ytdock_output.py; analysis/disassembly/ytdock-output.static.txt	src/yt_session.c::command_trade	(missing exact native component fixture)	candidate	add exact deterministic native component fixture, state/effect, caller-edge and failure-prefix fixtures
shared-output-primitives	player	96	exact_component_oracle	line/raw routing, color/ANSI builder, alignment, centering, music, time display, low-time warning, and attention line	docs/runtime/presentation-helpers.md; tools/ytpresentation.py; tests/test_ytpresentation.py	src/yt_presentation.c; src/yt_sound.c; src/yt_output.c	tests/test_presentation.c; tests/test_sound.c	candidate	all non-pager logical helpers and ordered physical replay mapped, including timer tape/cursor/color and BEEP; implement pager; prove physical failures/framebuffer and all callers
shared-name-and-input-normalization	player	4	exact_component_oracle	YT-SUB:[1866,1A95) shared name/alias trim, space collapse, ASCII mixed-case and apostrophe exception; YT-SUB:[1D99,1E17) whole-string compatibility uppercase used by shared editors	docs/file-formats/YTNAME.md; docs/runtime/qb-input-editor.md; tools/ytname.py; tools/ytpresentation.py; tests/test_ytname.py; tests/test_ytpresentation.py; analysis/disassembly/ytname.static.txt; analysis/disassembly/ytpresentation.static.txt	src/qb.c::{qb_title_case_n,qb_compat_upper_n}	tests/test_qb.c	candidate	add exact deterministic native component fixture, state/effect, caller-edge and failure-prefix fixtures
shared-pending-input-and-press-any-key-output	player	18	exact_component_oracle	YT-SUB2:[2580,25D2) paired-INKEY/local-and-serial drain and YT-SUB2:[25D5,2690) prompt, 33-second wait, endpoint-specific cleanup, ANSI/local state, input residue, TIMER/LOC arbitration, and bounded failure prefixes	docs/runtime/press-any-key-output.md; tools/ytpress_any_key_output.py; tests/test_ytpress_any_key_output.py; analysis/disassembly/ytpress-any-key-output.static.txt	src/yt_session.c::session_press_any_key; src/yt_presentation.c::{yt_present_press_prompt,yt_present_press_cleanup}; src/yt_output.c::present_local_locate	tests/test_presentation.c::test_press_any_key_presentation	candidate	add injectable paired local/serial drain and TIMER/LOC arbitration fixture, error prefixes, and physical cursor/framebuffer proof
shared-23-line-pager	player	67	exact_component_oracle	YT:[012A,0182) startup CR/LF/local-erase/remote-erase string initialization; successful B1F3 prompt, B05D composition, AB36 input/editing, echo, queue, Ctrl-R, save/repeat, wait, response, synchronous time-row insertion, inactivity/session notices, and carrier termination/state paths	docs/runtime/presentation-helpers.md; tools/ytpresentation.py; tests/test_ytpresentation.py; tools/ytpager_input.py; tests/test_ytpager_input.py; analysis/disassembly/ytpager-input.static.txt; docs/runtime/b05d-active-fault-output.md; docs/runtime/b05d-connected-read-fault-world.md; docs/runtime/b05d-connected-carrier-world.md; docs/runtime/b05d-connected-print-world.md; tools/ytb05d_connected_read_fault_world.py; tools/ytb05d_connected_carrier_world.py; tools/ytb05d_connected_print_world.py; tests/test_ytb05d_connected_read_fault_world.py; tests/test_ytb05d_connected_carrier_world.py; tests/test_ytb05d_connected_print_world.py; analysis/disassembly/ytb05d-connected-read-fault-world.static.txt; analysis/disassembly/ytb05d-connected-carrier-world.static.txt; analysis/disassembly/ytb05d-connected-print-world.static.txt; docs/runtime/qb-event-traps.md; tools/qb_event_traps.py; tests/test_qb_event_traps.py; analysis/disassembly/qb-event-traps.static.txt; docs/runtime/qb-input-editor.md; tools/qb_input_editor.py; tests/test_qb_input_editor.py; analysis/disassembly/qb-input-editor.static.txt	src/yt_session.c::{session_pager_step,session_b05d,read_keyboard_line,session_line}; src/yt_input.c::yt_input_poll_legacy; src/yt_input_model.c	tests/test_input_model.c; tests/test_presentation.c::{test_paged_output,test_editor_echo}	candidate	add complete bounded native pager transactions, physical adapter/state/effect, remaining caller-edge and failure-prefix fixtures
generated-scoreboard	player/external BBS	79	exact_generated_file_oracle	all rows, CRLF records, DOS EOF, and numeric overflow	docs/file-formats/YTSCORE.md; tools/ytscore.py; tests/test_ytscore.py	src/yt_score.c::yt_score_generate; src/yt_score_format.c	tests/test_score.c	candidate	add exact deterministic native component fixture, state/effect, caller-edge and failure-prefix fixtures
ansi-opening-streamer	player	20	exact_component_oracle	YT-SUB:23EC successful-file normal EOF, local-key, serial-pending, endpoint-mode, reset, midnight-wait, and ordinary first-OPEN ERR 53 paths	docs/runtime/startup-login.md; tools/ytopening.py; tests/test_ytopening.py; analysis/disassembly/ytopening.static.txt	src/yt_session.c::opening_and_date; src/yt_output.c::yt_out_file	(missing exact native component fixture)	candidate	add exact deterministic native component fixture, state/effect, caller-edge and failure-prefix fixtures
startup-ascii-opening-viewer	player	0	exact_component_oracle	successful startup YT:A57C invocation: shipped DOS-EOF input, normal/early Ctrl-X, endpoint modes, ANSI/cache/local color state, queue selection, carrier-failure prefixes, and ordinary first-OPEN ERR 53 recovery	docs/runtime/startup-login.md; tools/ytascii_opening.py; tests/test_ytascii_opening.py; analysis/disassembly/ytascii-opening.static.txt	src/yt_session.c::display_game_file	(missing exact native component fixture)	candidate	add exact deterministic native component fixture, state/effect, caller-edge and failure-prefix fixtures
shared-text-file-viewer	player	2	exact_component_oracle	YT:A57C successful OPEN and normal EOF/Q paths across all five callers: BRUN record grammar, inherited notice threshold, full 23-row prompt/editor composition, Ctrl-X boundary behavior, color markers, endpoint modes, ANSI/cache/local-color state, and complete instruction/retained-news/retained-score fixtures	docs/runtime/text-file-viewer.md; tools/ytfileviewer.py; tests/test_ytfileviewer.py; analysis/disassembly/ytfileviewer.static.txt; tools/brunresume.py; tests/test_brunresume.py; analysis/disassembly/brun-resume.static.txt; docs/runtime/startup-viewer-line-fault-world.md; tools/ytstartup_viewer_line_fault_world.py; tests/test_ytstartup_viewer_line_fault_world.py; analysis/disassembly/ytstartup-viewer-line-fault-world.static.txt	src/yt_session.c::display_game_file	(missing exact native component fixture)	candidate	add exact deterministic native component fixture, state/effect, caller-edge and failure-prefix fixtures
registration-file-validation-output	player/operator	17	exact_component_oracle	YT-SUB:[A46C,A7D8): raw/missing/empty/short/extra-record YT.REG transaction; exact BRUN LINE INPUT and VAL grammar; canonical names and emitted-order MBF64 key; returned title cells and registered flag; exact registered/evaluation/invalid/beta/anti-tamper routing, local speaker and screen operations, endpoint/ANSI/cache state, file lifetime, and terminal boundary; plus the startup-title composition witness	docs/runtime/registration-validation-output.md; docs/runtime/startup-login.md; tools/ytstartup.py; tools/ytregistration_output.py; tests/test_ytstartup.py; tests/test_ytregistration_output.py; analysis/disassembly/ytregistration-output.static.txt	src/yt_session.c::registration	(missing exact native component fixture)	candidate	add exact deterministic native component fixture, state/effect, caller-edge and failure-prefix fixtures
startup-opening-composition	player	26	exact_component_oracle	intentional registered/evaluation/invalid/beta title branches, wait, route diagnostic, complete successful-file remote stream, ordinary missing-opening-file branches, ANSI/cache and pending-input handoff, and exact local 80x25 cells/attributes plus BIOS, BRUN logical, BRUN last-BIOS, saved-ANSI cursor and parser state	docs/runtime/startup-login.md; tools/ytstartup_opening.py; tests/test_ytstartup_opening.py; analysis/disassembly/ytstartup-opening.static.txt; docs/runtime/framebuffer-transducer.md; tools/ytframebuffer.py; tests/test_ytframebuffer.py; analysis/disassembly/ytframebuffer.static.txt; docs/runtime/local-framebuffer.md; tools/ytlocal_screen.py; tests/test_ytlocal_screen.py; analysis/disassembly/ytlocal-screen.static.txt	src/yt_session.c::opening_and_date	(missing exact native component fixture)	candidate	add exact deterministic native component fixture, state/effect, caller-edge and failure-prefix fixtures
bbs-handoff-and-serial-startup-output	player	63	exact_component_oracle	YT-SUB:[52F2,59BC): exact empty-command diagnostics, twelve-line DORINFO input and carried identity state, local/remote selection, COM1-COM4 aliasing, UART divisor sampling/restoration, BRUN OPEN string construction, deadline state, and remote-branch and local-console startup status rows routed only to the local screen	docs/runtime/bbs-serial-startup-output.md; docs/runtime/bbs-handoff.md; tools/ytserial_startup_output.py; tests/test_ytserial_startup_output.py; analysis/static/ytserial-startup-output.txt	(missing mapping)	(missing)	missing	identify exact C owner; exact remote bytes and local result; edge tests
startup-pre-admission-and-lockout	player	14	exact_component_oracle	post-opening Initializing/Welcome/Searching continuation and matching LOCKOUT.DAT denial: complete ANSI/plain/mode streams, carrier prefixes, input side effects, timed wait, state, and inherited local framebuffer	docs/runtime/startup-admission-output.md; tools/ytstartup_admission.py; tests/test_ytstartup_admission.py; analysis/disassembly/ytstartup-admission.static.txt	src/yt_session.c::lockout	(missing exact native component fixture)	candidate	add exact deterministic native component fixture, state/effect, caller-edge and failure-prefix fixtures
startup-new-player-alias-gate	player	39	exact_component_oracle	YT:B6EF-BA00 plus YT-SUB:[41CE,42A5), [42AB,4359), and [435F,43CA): silent BRUN four-token last-match lookup, malformed-success/incomplete semantics, raw successful APPEND, ordinary new-alias notices, raw prompts, successful AB36 editing, normalization, empty/reserved/collision/confirmation retries, accepted-row mutation order, seven direct gate-level B05D carrier cuts, first-poll input terminal exits, low-time warning, endpoint modes, and ordinary inherited local framebuffer	docs/runtime/new-player-alias-output.md; docs/file-formats/YTNAME.md; tools/ytalias_output.py; tools/ytname.py; tests/test_ytalias_output.py; tests/test_ytname.py; analysis/disassembly/ytalias-output.static.txt; analysis/disassembly/ytname.static.txt	src/yt_session.c::resolve_alias; src/yt_names.c	(missing exact native component fixture)	candidate	add exact deterministic native component fixture, state/effect, caller-edge and failure-prefix fixtures
startup-returning-player-login	player	10	exact_component_oracle	YT:04AD-0546 full-name construction, scan miss or first returning-name match, caller blank, YT-SUB:1576 daily/login-news order, every alive/death/same-day-denial branch, visible constructor rows and mutation, five-second wait, endpoint routing, and ordinary inherited local framebuffers	docs/runtime/returning-login-output.md; tools/ytreturning_output.py; tools/ytstartup_returning_scan_world.py; tests/test_ytreturning_output.py; tests/test_ytstartup_returning_scan_world.py; analysis/disassembly/ytreturning-output.static.txt	(missing mapping)	(missing)	missing	identify exact C owner; exact remote bytes and local result; edge tests
startup-vacant-full-new-player-admission	player	10	exact_component_oracle	YT:0546-06C3 vacancy scan, full-game rejection/news/END, retention and constructor rows, constructor/identity PUTs, new-player news, YT:2F83 instruction question, shared Y/N/blank reader, and successful instruction viewer through EOF/Q	docs/runtime/new-player-admission-output.md; tools/ytnew_admission_output.py; tests/test_ytnew_admission_output.py; analysis/disassembly/ytnew-admission-output.static.txt	(missing mapping)	(missing)	missing	identify exact C owner; exact remote bytes and local result; edge tests
startup-login-opening-and-instructions	player	0	aggregate_catalog	aggregate catalog; owns no presentation sites	docs/runtime/startup-login.md; tools/ytstartup.py	(catalog only)	(not applicable)	verified	none; aggregate owns no presentation sites
info-panel-and-team-captain-status	player	98	exact_component_oracle	YT-SUB2:0FD8 and ordinary YT-SUB:856E branches: time/name/team heading rows, captain validation/promotion I/O ordering, exact 50-byte CP437 table, SINGLE-versus-DOUBLE formatting, commodity decoration, endpoint/ANSI/local events, and carried state	docs/runtime/info-panel-output.md; tools/ytinfo_output.py; tests/test_ytinfo_output.py; analysis/disassembly/ytinfo-output.static.txt	src/yt_session.c::{show_ship,info_refresh_time,info_team_lines,info_ordinary_row,info_commodity_row}	(missing exact native component fixture)	candidate	add exact deterministic native component fixture, state/effect, caller-edge and failure-prefix fixtures
ship-computer-info-cycle-output	player	0	exact_component_oracle	exact one-byte I after two-byte front truncation, prompt/echo and YT:[869E,86B9) call/return, shared Info panel and promotion effects, time/FIELD/state joins, and fresh YT:[8639,8672) prompt	docs/runtime/computer-info-cycle-output.md; docs/runtime/computer-front-output.md; docs/runtime/info-panel-output.md; tools/ytcomputer_info_cycle_output.py; tools/ytcomputer_front_output.py; tools/ytinfo_output.py; tests/test_ytcomputer_info_cycle_output.py; analysis/disassembly/ytcomputer-info-cycle-output.static.txt	src/yt_session.c::{computer_menu,show_ship}	(missing exact native component fixture)	candidate	add deterministic command-front/Info/return-prompt component fixture and failure-prefix fixtures
sector-and-adjacent-sensor-output	player	42	exact_component_oracle	YT-SUB:59BC with ordinary scan modes zero and one: current and adjacent-sector framing/rows, physical caller-slot selection, integral BASIC player-record eligibility and exact opcode-34 RND cursor/effect order at 5E8D, port/planet writes, deployed-fighter owner variants, physical warp fragments, private pause/wait, endpoint/ANSI/local events, and carried state	docs/runtime/current-sector-output.md; docs/gameplay/command-shell.md; tools/ytsector_output.py; tests/test_ytsector_output.py; analysis/disassembly/ytsector-output.static.txt; analysis/disassembly/brunrnd.static.txt	src/yt_session.c::{display_sector,display_sector_one}	(missing exact native component fixture)	candidate	add exact deterministic native component fixture, state/effect, caller-edge and failure-prefix fixtures
ship-computer-sensor-cycle-output	player	0	exact_component_oracle	exact one-byte S after front LEFT$(...,2), prompt/echo and YT:[8702,8742) canonical-one mode-one call/return, shared adjacent scanner with explicit entry/terminal RndCursor, exact failure-prefix effects, physical-slot/mutation/private-wait state, raw scan-mode/current-sector/YTDATA FIELD/dynamic-string joins, and fresh YT:[8639,8672) prompt	docs/runtime/computer-sensor-cycle-output.md; docs/runtime/computer-front-output.md; docs/runtime/current-sector-output.md; tools/ytcomputer_sensor_cycle_output.py; tools/ytcomputer_front_output.py; tools/ytsector_output.py; tests/test_ytcomputer_sensor_cycle_output.py; analysis/disassembly/ytcomputer-sensor-cycle-output.static.txt	(missing mapping)	(missing)	missing	identify exact C owner; exact remote bytes and local result; edge tests
ship-computer-quit-cycle-output	player	0	exact_component_oracle	exact one-byte Q after front LEFT$(...,2), prompt/echo and YT:[8742,8758) call/return split, extracted shared quit confirmation and invalid-answer retry, cancellation through fresh YT:[8639,8672), or accepted-Y live-state composition through YT:[0206,02BF) CLOSE/END	docs/runtime/computer-quit-cycle-output.md; docs/runtime/computer-front-output.md; docs/runtime/main-shell-output.md; docs/runtime/normal-exit-output.md; tools/ytcomputer_quit_cycle_output.py; tools/ytcomputer_front_output.py; tools/ytmain_shell_output.py; tools/ytnormal_exit_output.py; tests/test_ytcomputer_quit_cycle_output.py; analysis/disassembly/ytcomputer-quit-cycle-output.static.txt	(missing mapping)	(missing)	missing	identify exact C owner; exact remote bytes and local result; edge tests
black-hole-sector-entry-output	player	10	exact_component_oracle	YT:[082E,088A) and YT-SUB:[9FC4,A400): caller admission, attention and command clear; complete emergency-warp gauge, MBF32 tick/RNG/cost order, normal and meltdown rows, sound, endpoint/state behavior, persistence, cache, and dependency failure prefixes through the YT:081F rescan join	docs/runtime/black-hole-entry-output.md; docs/gameplay/player-combat.md; tools/ytblackhole_output.py; tests/test_ytblackhole_output.py; analysis/disassembly/ytblackhole-output.static.txt	src/yt_session.c::emergency_warp	(missing exact native component fixture)	candidate	add exact deterministic native component fixture, state/effect, caller-edge and failure-prefix fixtures
gameplay-hazard-cycle-output	player	0	exact_component_oracle	bounded ordinary composition of one YT:[081F,09C9) pass, one admitted black-hole or anonymous-mine child, the optional mine emergency-warp child, and one following YT:[081F,09C9) pass; exact child byte/event concatenation, PagerState/time/queue propagation, ordered RNG partitions, single ownership of caller admission, immutable carried process context, admitted-handoff continuation without scanner replay, fresh mine-sector snapshots, and zero-effect return edges	docs/runtime/gameplay-hazard-cycle-output.md; docs/runtime/gameplay-loop-reentry-output.md; docs/runtime/black-hole-entry-output.md; docs/runtime/sector-mine-output.md; tools/ytgameplay_hazard_cycle_output.py; tools/ytgameplay_reentry_output.py; tools/ytblackhole_output.py; tools/ytmine_output.py; tests/test_ytgameplay_hazard_cycle_output.py; analysis/disassembly/ytgameplay-hazard-cycle-output.static.txt	(missing mapping)	(missing)	missing	identify exact C owner; exact remote bytes and local result; edge tests
direct-emergency-warp-confirmation-output	player	0	exact_component_oracle	YT:[1593,161D): exact fresh-turn gate, both warning rows, A8D2 confirmation/retry behavior, optional extracted YT-SUB:[9FC4,A400) emergency-warp child, endpoint/pager/state effects, raw-record persistence, RNG order, modeled parent COPY and child GET/PUT failures, and every ordinary branch through the typed YT:081F join	docs/runtime/direct-emergency-warp-output.md; docs/runtime/main-shell-output.md; docs/runtime/hostile-fighter-entry-output.md; tools/ytdirect_emergency_warp_output.py; tools/ytblackhole_output.py; tests/test_ytdirect_emergency_warp_output.py; analysis/disassembly/ytdirect-emergency-warp-output.static.txt	(missing mapping)	(missing)	missing	identify exact C owner; exact remote bytes and local result; edge tests
main-emergency-warp-cycle-output	player	0	exact_component_oracle	ordinary main YT:[1659,1737) prompt/editor and first-byte W dispatch, exact YT:[1593,161D) direct emergency-warp wrapper with optional YT-SUB:[9FC4,A400) child, and exactly one YT:[081F,09C9) gameplay-reentry pass through a typed hazard, hostile-menu, or first-main-AB36-poll boundary	docs/runtime/main-emergency-warp-cycle-output.md; docs/runtime/main-shell-output.md; docs/runtime/direct-emergency-warp-output.md; docs/runtime/gameplay-loop-reentry-output.md; tools/ytmain_emergency_warp_cycle_output.py; tools/ytmain_shell_output.py; tools/ytdirect_emergency_warp_output.py; tools/ytgameplay_reentry_output.py; tools/ytgameplay_hazard_cycle_output.py; tests/test_ytmain_emergency_warp_cycle_output.py; tests/test_ytgameplay_hazard_cycle_output.py; analysis/disassembly/ytmain-emergency-warp-cycle-output.static.txt	(missing mapping)	(missing)	missing	identify exact C owner; exact remote bytes and local result; edge tests
hostile-emergency-warp-cycle-output	player	0	exact_component_oracle	active hostile YT:[09C9,0A76) fighter ratio, prompt/editor, whole-string W/WT dispatch, exact YT:[1593,161D) direct emergency-warp wrapper with optional YT-SUB:[9FC4,A400) child, and exactly one YT:[081F,09C9) gameplay-reentry pass through a typed hazard, hostile-menu, or first-main-AB36-poll boundary	docs/runtime/hostile-emergency-warp-cycle-output.md; docs/runtime/hostile-fighter-entry-output.md; docs/runtime/direct-emergency-warp-output.md; docs/runtime/gameplay-loop-reentry-output.md; tools/ythostile_emergency_warp_cycle_output.py; tools/ythostile_entry_output.py; tools/ytdirect_emergency_warp_output.py; tools/ytgameplay_reentry_output.py; tests/test_ythostile_emergency_warp_cycle_output.py; analysis/disassembly/ythostile-emergency-warp-cycle-output.static.txt	(missing mapping)	(missing)	missing	identify exact C owner; exact remote bytes and local result; edge tests
hostile-external-cycle-output	player	0	exact_component_oracle	active hostile YT:[09C9,0B20) fighter ratio, prompt/editor, and exact one-byte I or S dispatch; I composes the shared YT-SUB2:[0FD8,17EA) Info panel and one independently hydrated fresh hostile menu through its next typed dispatch, while S transfers directly to exactly one YT:[081F,09C9) gameplay-reentry scanner/router pass with raw terminal FIELD, physical-sector scratch, cache, and canonical entry/effect/terminal RNG continuity through the sole YT-SUB:5E8D scanner site	docs/runtime/hostile-external-cycle-output.md; docs/runtime/hostile-fighter-entry-output.md; docs/runtime/info-panel-output.md; docs/runtime/gameplay-loop-reentry-output.md; tools/ythostile_external_cycle_output.py; tests/test_ythostile_external_cycle_output.py; analysis/disassembly/ythostile-external-cycle-output.static.txt	src/yt_session.c::{sector_entry,show_ship,display_sector}	(missing exact native component fixture)	candidate	add deterministic hostile prompt/Info-or-sensor/return component and failure-prefix fixtures
hostile-attack-admission-cycle-output	player	0	exact_component_oracle	active hostile YT:[09C9,0B20) fighter ratio, prompt/editor, all six position-one whole-string Attack aliases, and the three pre-I/O Attack exits at YT:[0B20,0BB5), each joined by a direct YT:09C9 jump to one independently hydrated fresh hostile menu through its next typed dispatch; raw FIELD/store observations and semantic player/indexed-cache state carry their exact ordered A41C mutations, while raw hostile planet-link/deployed-fighter/owner/label context, DS:4CF2, DS:4D1A, news, pager, and opaque zero-draw RNG state are preserved	docs/runtime/hostile-attack-admission-cycle-output.md; docs/runtime/hostile-fighter-entry-output.md; docs/runtime/deployed-fighter-attack-bribe-output.md; tools/ythostile_attack_admission_cycle_output.py; tools/ytdeployed_fighter_output.py; tests/test_ythostile_attack_admission_cycle_output.py; analysis/disassembly/ythostile-attack-admission-cycle-output.static.txt	(missing mapping)	(missing)	missing	identify exact C owner; exact remote bytes and local result; edge tests
hostile-attack-defenders-remain-cycle-output	player	0	exact_component_oracle	active hostile YT:[09C9,0B20) menu and all six whole-string Attack aliases joined through one admitted, non-surrender, one-iteration LA=1/LD=0 combat; exact opening sector GET, combat A41C, selector-2 sound, player-before-sector persistence, both concrete BRUN RND advances, the direct YT:1226 -> YT:09C9 defenders-remain edge, and one independent return A41C/fresh hostile menu through its next typed dispatch; exact raw FIELD/store observations, player/cloak caches, hostile context, combat cells, news preservation, pager/editor, and 24-bit RNG continuation are carried	docs/runtime/hostile-attack-defenders-remain-cycle-output.md; docs/runtime/deployed-fighter-attack-bribe-output.md; tools/ythostile_attack_defenders_cycle_output.py; tools/ytdeployed_fighter_output.py; tests/test_ythostile_attack_defenders_cycle_output.py; analysis/disassembly/ythostile-attack-defenders-cycle-output.static.txt	(missing mapping)	(missing)	missing	identify exact C owner; exact remote bytes and local result; edge tests
hostile-attack-defenders-cleared-cycle-output	player	0	exact_component_oracle	active hostile YT:[09C9,0B20) menu, all six whole-string Attack aliases, and exact dispatch joined through either one ordinary commitment-two last-defender LD=1 combat or one accepted ordinary-owner Y/default-blank surrender or ordinary N refusal followed by same-iteration attrition; exact player-before-sector persistence, independent loss/surrender-news A41C/append, mandatory late draw, defeated row, ordinary-owner HQ bypass, direct YT:127A -> YT:161D edge, minimal mode-zero scanner, fresh YT:1659 main prompt, and one empty AB36 poll; independent raw GET/FIELD/store/cache images, news state, pager/editor state, and concrete 24-bit BRUN continuation are carried	docs/runtime/hostile-attack-defenders-cleared-cycle-output.md; docs/runtime/deployed-fighter-attack-bribe-output.md; docs/runtime/hostile-fighter-entry-output.md; docs/runtime/current-sector-output.md; docs/runtime/main-shell-output.md; tools/ythostile_attack_cleared_cycle_output.py; tools/ytdeployed_fighter_output.py; tools/ythostile_entry_output.py; tools/ytmain_shell_output.py; tests/test_ythostile_attack_cleared_cycle_output.py; analysis/disassembly/ythostile-attack-cleared-cycle-output.static.txt	(missing mapping)	(missing)	missing	identify exact C owner; exact remote bytes and local result; edge tests
hostile-mercenary-bribe-accepted-cycle-output	player	0	exact_component_oracle	active hostile YT:[09C9,0B20) menu and all four whole-string Bribe aliases joined through one accepted Mercenary owner -2 offer; exact two-draw precheck, offer/editor and third threshold draw, accepted row and selector-one sound, sector-before-player persistence with stale-at-YT:1587 caches, direct YT:1587 -> YT:081F edge, minimal one-pass mode-zero scanner/router refresh, fresh YT:1659 main prompt, and one empty AB36 poll; independent raw GET/FIELD/store/cache images and concrete 24-bit BRUN continuation are carried	docs/runtime/hostile-mercenary-bribe-accepted-cycle-output.md; docs/runtime/hostile-fighter-entry-output.md; docs/runtime/deployed-fighter-attack-bribe-output.md; docs/runtime/gameplay-loop-reentry-output.md; tools/ythostile_mercenary_bribe_accepted_cycle_output.py; tools/ythostile_entry_output.py; tools/ytdeployed_fighter_output.py; tools/ytgameplay_reentry_output.py; tests/test_ythostile_mercenary_bribe_accepted_cycle_output.py; analysis/disassembly/ythostile-mercenary-bribe-accepted-cycle-output.static.txt	(missing mapping)	(missing)	missing	identify exact C owner; exact remote bytes and local result; edge tests
hostile-mercenary-bribe-quiet-cycle-output	player	0	exact_component_oracle	active hostile YT:[09C9,0B20) menu and all four whole-string Bribe aliases joined through three nonmutating returns: Mercenary cached-planet refusal with zero Bribe draws, Mercenary zero-link empty offer after exactly two unconditional precheck draws, and ordinary-owner refusal after one nonforcing force-Attack draw; each direct YT:081F edge continues through one canonical minimal mode-zero scan, hostile router warning, and fresh second hostile menu presentation; exact canonical serial/pager/RNG state, scanner DS:4CF2 4600-to-6000 scratch transition, route-specific owner-GET and FIELD-record outcomes, and semantic nonmutation are carried	docs/runtime/hostile-mercenary-bribe-quiet-cycle-output.md; docs/runtime/hostile-fighter-entry-output.md; docs/runtime/deployed-fighter-attack-bribe-output.md; docs/runtime/gameplay-loop-reentry-output.md; tools/ythostile_mercenary_bribe_quiet_cycle_output.py; tools/ythostile_entry_output.py; tools/ytdeployed_fighter_output.py; tools/ytgameplay_reentry_output.py; tests/test_ythostile_mercenary_bribe_quiet_cycle_output.py; analysis/disassembly/ythostile-mercenary-bribe-quiet-cycle-output.static.txt	(missing mapping)	(missing)	missing	identify exact C owner; exact remote bytes and local result; edge tests
hostile-bribe-subone-cycle-output	player	0	exact_component_oracle	active hostile YT:[09C9,0B20) menu and all four whole-string Bribe aliases joined through four forced commitments below one: Mercenary life demand, Mercenary threshold-rejected offer, Xannor owner force, and ordinary foreign-player random force; exact one/two/three-draw provenance, MBF64 fatal predicate versus MBF32 commitment-gate rounding, DS:4D62/DS:4D1A store order, zero-effect YT:0BA3 -> YT:09C9 return, and one independently hydrated fresh hostile menu through its next typed dispatch; exact raw FIELD/store/cache observations, preserved encounter/news/latch state, pager/editor state, and concrete 24-bit BRUN continuation are carried with integral player records only	docs/runtime/hostile-bribe-subone-cycle-output.md; docs/runtime/hostile-fighter-entry-output.md; docs/runtime/deployed-fighter-attack-bribe-output.md; tools/ythostile_bribe_subone_cycle_output.py; tools/ytdeployed_fighter_output.py; tests/test_ythostile_bribe_subone_cycle_output.py; analysis/disassembly/ythostile-bribe-subone-cycle-output.static.txt	(missing mapping)	(missing)	missing	identify exact C owner; exact remote bytes and local result; edge tests
hostile-bribe-fatal-cycle-output	player	0	exact_component_oracle	active hostile YT:[09C9,0B20) menu and all four whole-string Bribe aliases joined through canonical Mercenary life-demand and threshold-rejected-offer immediate-fatal paths; exact two/three-draw provenance, offer-before-commitment process stores, MBF64 ship/shield fatal predicate after MBF32 CSNG commitment, zero-byte YT:13F0/14E1 -> YT:06C4 jumps, and the complete fatal row/self-death/wait/normal-exit child; raw entry A41C/FIELD/store/process/news state, plain/ANSI/local output, failure prefixes, and integral player-record identity are carried	docs/runtime/hostile-bribe-fatal-cycle-output.md; docs/runtime/hostile-fighter-entry-output.md; docs/runtime/deployed-fighter-attack-bribe-output.md; docs/runtime/common-fatal-death-cycle-output.md; tools/ythostile_bribe_fatal_cycle_output.py; tools/ytdeployed_fighter_output.py; tools/ytcommon_fatal_cycle_output.py; tests/test_ythostile_bribe_fatal_cycle_output.py; analysis/disassembly/ythostile-bribe-fatal-cycle-output.static.txt	(missing mapping)	(missing)	missing	identify exact C owner; exact remote bytes and local result; edge tests
hostile-sector-mine-cycle-output	player	0	exact_component_oracle	active hostile YT:[09C9,0B20) menu and exact whole-string D/DW/DWT aliases joined through the zero-output YT:[158A,1593) wrapper, exact shared YT:[1ECC,2059) sector-mine body, direct YT:1590 -> YT:081F return, one mode-zero scanner/router pass, one optional bounded black-hole/nonfatal-mine continuation and following pass, and one optional fresh hostile menu through its next typed dispatch; accepted deployment carries player-before-sector persistence and canonical DS:4D0A self-mine suppression; child bytes/events and ordered RNG are strictly composed without scanner replay, while the no-hazard path retains exact raw FIELD/store/cache state and all paths preserve integral player identity	docs/runtime/hostile-sector-mine-cycle-output.md; docs/runtime/main-sector-mine-output.md; docs/runtime/gameplay-loop-reentry-output.md; docs/runtime/gameplay-hazard-cycle-output.md; docs/runtime/hostile-fighter-entry-output.md; tools/ythostile_mines_cycle_output.py; tools/ytmain_mines_output.py; tools/ytgameplay_reentry_output.py; tools/ytgameplay_hazard_cycle_output.py; tests/test_ythostile_mines_cycle_output.py; tests/test_ytgameplay_hazard_cycle_output.py; analysis/disassembly/ythostile-mines-cycle-output.static.txt	(missing mapping)	(missing)	missing	identify exact C owner; exact remote bytes and local result; edge tests
hostile-team-cycle-output	player	0	exact_component_oracle	active hostile YT:[09C9,0B20) fighter ratio, prompt/editor, and exact whole-string T dispatch joined by the zero-effect YT:0A66 ON-GOTO position-six edge to YT:55D6 (target word pinned at YT:[0A74,0A76)); choices 2-9, nonmatching inputs, redraws, and terminals remain Team-child results, while exact choice 1 takes the zero-effect YT:57A4 -> YT:081F edge through one existing gameplay-reentry pass, one optional bounded black-hole or nonfatal-mine continuation and following reentry, and optional fresh hostile menu; parent state/time is function sequencing and output is strict child byte/event concatenation; typed hazard inputs remain lazy through nonhazard and failure cuts	docs/runtime/hostile-team-cycle-output.md; docs/runtime/hostile-fighter-entry-output.md; docs/runtime/team-command-cycle-output.md; docs/runtime/gameplay-loop-reentry-output.md; docs/runtime/gameplay-hazard-cycle-output.md; tools/ythostile_team_cycle_output.py; tools/ytteam_cycle_output.py; tools/ytgameplay_reentry_output.py; tools/ytgameplay_hazard_cycle_output.py; tests/test_ythostile_team_cycle_output.py; analysis/disassembly/ythostile-team-cycle-output.static.txt	(missing mapping)	(missing)	missing	identify exact C owner; exact remote bytes and local result; edge tests
hostile-quit-cycle-output	player	0	exact_component_oracle	active hostile YT:[09C9,0B20) fighter ratio, prompt/editor, and whole-string Q dispatch; exact YT:[127D,1286) caller wrapper and YT:[1286,12C0) shared quit confirmation, including silent invalid-answer retries; N/blank return through YT:1283 into exactly one fresh hostile menu through its next AB36 and typed dispatch, or accepted-Y live-state composition through YT:[0206,02BF) CLOSE/END	docs/runtime/hostile-quit-cycle-output.md; tools/ythostile_quit_cycle_output.py; tests/test_ythostile_quit_cycle_output.py; analysis/disassembly/ythostile-quit-cycle-output.static.txt	(missing mapping)	(missing)	missing	identify exact C owner; exact remote bytes and local result; edge tests
anonymous-sector-mine-output	player	40	exact_component_oracle	YT-SUB:[63E1,6C8F) from ordinary post-scanner admission: exact entry/explosion/damage rows, shield-versus-unshielded branch, scanner and shrink RNG/TIMER order, sector/player/news writes, music/endpoints/state, repeat/warp/death dispositions, and dependency failure prefixes	docs/runtime/sector-mine-output.md; docs/gameplay/player-combat.md; tools/ytmine_output.py; tests/test_ytmine_output.py; analysis/disassembly/ytmine-output.static.txt	(missing mapping)	(missing)	missing	identify exact C owner; exact remote bytes and local result; edge tests
cruise-missile-flight-impact-output	player	61	exact_component_oracle	YT-SUB:[6C95,80B9): exact by-reference missile flight, black-hole and police exits, deployed-fighter/mine and player/planet impact ordering, direct/news string construction, all ten RNG sites, child-call joins, FIELD/persistence state, endpoint output, and terminal handoffs	docs/runtime/cruise-missile-output.md; docs/gameplay/player-combat.md; tools/ytmissile_output.py; tools/ytmissile_world.py; tools/ytfriendship_world.py; tools/ythq_victory_world.py; tools/ytdeath_world.py; tools/ytcombat.py; tests/test_ytmissile_output.py; tests/test_ytmissile_world.py; tests/test_ytfriendship_world.py; analysis/disassembly/ytmissile-output.static.txt; analysis/disassembly/ytcombat.static.txt; analysis/disassembly/yt.routines.txt	src/yt_session.c::{launch_projectile,missile_sector,missile_planet_impact}	(missing exact native component fixture)	candidate	add exact deterministic native component fixture, state/effect, caller-edge and failure-prefix fixtures
plasma-bolt-flight-impact-output	player	64	exact_component_oracle	YT-SUB:[A9BB,BCB6): exact by-reference plasma-bolt flight, black-hole rerouting, deployed-fighter/mine and player/planet impact ordering, direct/news string construction, continuous energy/RNG tape, child-call joins, FIELD/persistence ordering, the complete A9BB..AB3D raw attribution/energy/loading/music/one-second-wait/target/firing/heading prelude, the connected AB3D..AD17 shared-route/same-sector/hop-loss/timed-wait/black-hole-RNG-and-output continuation, the connected AD17..B00E physical sector/presence/cached-player/owner/deployed-fighter damage/output/news continuation into the persistence chain, the canonical B00E..B088 physical defense GET/FIELD/PUT plus live-state Headquarters join, the connected B088 cached-player/mine/planet dispatch and exact impact-graph joins through B0D6/B26E/B2B1/B500/B713 back to ABB1 or BC80, complete B0D6 mine sound/news/RNG/string/GET/FIELD/PUT body, and shared B26E scan through its ordinary ABB1/BC80 edges, plus canonical B2B1 damage/news/direct output and B68E survivor GET/FIELD/PUT/footer state, complete B500 self/non-self kill, death/salvage, mine-deployment/reentry, and restarted-scan state, plus B713 planet REDIM/updater-cache/GET/damage/RNG/output/news/FIELD/PUT/destruction-unlink closure and the one canonical BC80 three-row footer, plus one ordinary active-main '+' command through the launcher, raw-storage scanner, physical return A41C, fresh prompt, and AB36 poll, endpoint output, and terminal handoffs	docs/runtime/plasma-bolt-output.md; docs/runtime/main-plasma-cycle-output.md; docs/gameplay/player-combat.md; tools/ytplasma_output.py; tools/ytplasma_hq_world.py; tools/ytplasma_postdefense_world.py; tools/ytplasma_player_world.py; tools/ytplasma_killed_world.py; tools/ytplasma_planet_world.py; tools/ytplasma_footer_world.py; tools/ytplasma_fighter_world.py; tools/ytplasma_route_world.py; tools/ytplasma_impact_world.py; tools/ytplasma_world.py; tools/ytcombat.py; tests/test_ytplasma_output.py; tests/test_ythq_callers_world.py; tests/test_ytplasma_postdefense_world.py; tests/test_ytplasma_player_world.py; tests/test_ytplasma_killed_world.py; tests/test_ytplasma_planet_world.py; tests/test_ytplasma_fighter_world.py; tests/test_ytplasma_route_world.py; tests/test_ytplasma_impact_world.py; tests/test_ytplasma_world.py; tools/ytmain_plasma_launch_output.py; tools/ytmain_plasma_cycle_output.py; tests/test_ytmain_plasma_launch_output.py; tests/test_ytmain_plasma_cycle_output.py; analysis/disassembly/ytplasma-output.static.txt; analysis/disassembly/ytcombat.static.txt; analysis/disassembly/yt.routines.txt	src/yt_session.c::{launch_projectile,plasma_sector,plasma_planet_impact}	(missing exact native component fixture)	candidate	add exact deterministic native component fixture, state/effect, caller-edge and failure-prefix fixtures
hostile-fighter-entry-output	player	5	exact_component_oracle	YT:[09C9,0B20) through one fighter ratio, exact no-newline option prompt and ordinary successful AB36 edit or first-poll terminal exit, whole-string dispatch, nine-line help or invalid-command cycle, B05D carrier prefixes, endpoint routing, and carried pager/presentation state	docs/runtime/hostile-fighter-entry-output.md; docs/gameplay/command-shell.md; tools/ythostile_entry_output.py; tests/test_ythostile_entry_output.py; analysis/disassembly/ythostile-output.static.txt	(missing mapping)	(missing)	missing	identify exact C owner; exact remote bytes and local result; edge tests
movement-danger-scanner-output	player	15	exact_component_oracle	YT-SUB2:[194E,1D3A): exact movement danger-scanner finding predicates and order, disruption/mine/hostile-fighter warning bytes, owner/team labels, common warning framing, warp-drive deactivation, record/cache restoration, retained output state, and the typed finding-flag handoff to the ordinary movement caller	docs/runtime/movement-danger-output.md; docs/gameplay/command-shell.md; tools/ytdanger_output.py; tests/test_ytdanger_output.py; analysis/static/ytdanger-output.txt	src/yt_session.c::{dangerous_destination,session_present_text}	(missing exact native component fixture)	candidate	add exact deterministic native component fixture, raw state/effect, caller seam, corrupt-record, and physical failure-prefix fixtures
startup-normal-post-login-join	player	0	exact_component_oracle	YT:0739 normal repair/status/Info/press/wait/radio/scanner composition through the first AB36 poll entered at YT:169B: exact remote bytes, local events, MBF32 repair writes, time and input order, 99-second wait, normal hazard gate, pager resets, endpoint routing, carried state, and canonical scanner RNG entry/effect/terminal continuity	docs/runtime/post-login-output.md; docs/runtime/startup-login.md; tools/ytpostlogin_output.py; tests/test_ytpostlogin_output.py; analysis/disassembly/ytpostlogin-output.static.txt	(missing mapping)	(missing)	missing	identify exact C owner; exact remote bytes and local result; edge tests
gameplay-loop-reentry-output	player	2	exact_component_oracle	one exact pass from YT:081F: mode-zero current-sector scanner before the black-hole/mine/fighter router; black-hole and mine typed component handoffs; complete deployed-fighter friendship predicates; caller-owned hostile warning through YT:09C9 or an inherited-count post-threshold pager handoff at YT:B237; or ordinary friendly entry through the first AB36 poll entered at YT:169B, with its exact in-progress continuation, with endpoint, queue, pager, scratch, carrier, and dependency state, plus a required top-level RndCursor whose only possible effect is the scanner call at YT-SUB:5E8D	docs/runtime/gameplay-loop-reentry-output.md; docs/runtime/current-sector-output.md; docs/runtime/main-shell-output.md; tools/ytgameplay_reentry_output.py; tests/test_ytgameplay_reentry_output.py; analysis/disassembly/ytgameplay-reentry-output.static.txt	(missing mapping)	(missing)	missing	identify exact C owner; exact remote bytes and local result; edge tests
ship-computer-deactivation-cycle-output	player	0	exact_component_oracle	exact one-byte computer command 1 after compatibility uppercase and LEFT$(...,2), the YT:[A36F,A381) deactivation notice and jump to YT:081F, followed by one exact shared gameplay-loop re-entry pass through its typed hazard/hostile boundaries or the first ordinary main-command AB36 poll, with exact top-level RNG cursor/effect forwarding and zero-RNG selector/deactivation	docs/runtime/computer-deactivation-cycle-output.md; docs/runtime/computer-front-output.md; docs/runtime/gameplay-loop-reentry-output.md; tools/ytcomputer_deactivation_cycle_output.py; tools/ytcomputer_front_output.py; tools/ytgameplay_reentry_output.py; tests/test_ytcomputer_deactivation_cycle_output.py; analysis/disassembly/ytcomputer-deactivation-cycle-output.static.txt	(missing mapping)	(missing)	missing	identify exact C owner; exact remote bytes and local result; edge tests
ordinary-main-shell-front-end-output	player	0	exact_component_oracle	YT:[1659,1ADF) prompt/editor/front end plus YT:[1286,12C0) quit confirmation: exact entry/prompt order, low-time prefix, whole-response and first-byte dispatch, empty/invalid/help/instruction headings, quit retry/cancel, ANSI/plain/local and corrupt endpoint routing, carrier prefixes, and carried state	docs/runtime/main-shell-output.md; docs/gameplay/command-shell.md; tools/ytmain_shell_output.py; tests/test_ytmain_shell_output.py; analysis/disassembly/ytmain-shell-output.static.txt	(missing mapping)	(missing)	missing	identify exact C owner; exact remote bytes and local result; edge tests
main-sound-toggle-output	player	2	exact_component_oracle	YT-SUB:[9563,95EE): exact compiled NOT-CINT sound toggle, mode-dependent local-sound mirror, direct Sound ON/OFF line, selector-one sound, scratch residue, dependency/runtime failure prefixes, and return address; exact joined active main-prompt/editor, compatibility-uppercase whole-response X dispatch, sole caller, mandatory YT:161D mode-zero current-sector scan, fresh YT:1659 prompt, and one following AB36 poll	docs/runtime/main-sound-toggle-output.md; tools/ytsound_toggle_output.py; tools/ytmain_sound_cycle_output.py; tests/test_ytsound_toggle_output.py; tests/test_ytmain_sound_cycle_output.py; analysis/static/ytsound-toggle-output.txt; analysis/static/ytmain-sound-cycle-output.txt	src/yt_presentation.c::yt_present_sound_toggle; src/yt_session.c::command_shell	tests/test_sound.c; tests/test_presentation.c	candidate	ordered toggle/direct-line/sound replay mapped; prove partial physical failures, framebuffer and exact scanner/fresh-prompt joined transcript; local PLAY is intentionally silent
shared-port-name-editor-output	player	11	exact_component_oracle	YT:[A9F0,AB36): exact shared port-name display, case-preserving AB36 entry, canonicalization and 41-byte entered-name cap, cached-name fallback, raw quoted A8D2 confirmation/retry loop, FIELD name/length overlays, one port PUT, endpoint/pager state, and ordered failure residue	docs/runtime/port-name-editor-output.md; docs/gameplay/main-commands.md; tools/ytport_name_editor_output.py; tests/test_ytport_name_editor_output.py; analysis/static/ytport-name-editor-output.txt	(missing mapping)	(missing)	missing	identify exact C owner; exact remote bytes and local result; edge tests
main-port-rename-cycle-output	player	0	exact_component_oracle	YT:[286C,292A): exact command-N current-sector/port GET sequence, no-port/owner/Earth predicates and refusal rows, cached old-name construction, shared no-cancel editor call, FIELD/cache/persistence and ordered failure state; exact joined active main-prompt dispatch, mandatory YT:161D mode-zero current-sector scan, fresh YT:1659 prompt, and one following AB36 poll	docs/runtime/main-port-rename-cycle-output.md; docs/gameplay/main-commands.md; tools/ytmain_rename_output.py; tools/ytmain_rename_cycle_output.py; tests/test_ytmain_rename_output.py; tests/test_ytmain_rename_cycle_output.py; analysis/static/ytmain-rename-output.txt; analysis/static/ytmain-rename-cycle-output.txt	(missing mapping)	(missing)	missing	identify exact C owner; exact remote bytes and local result; edge tests
main-port-purchase-cycle-output	player	23	exact_component_oracle	YT:[2341,270C): exact command-B port resolution, Earth/ordinary report joins, price/owner/affordability/confirmation branches, optional seller payment and personal radio, shared rounded-predicate rename, title transfer, buyer debit, success/refusal rows, FIELD/cache/persistence and ordered failure state; exact joined active main-prompt dispatch, mandatory YT:161D mode-zero current-sector scan, fresh YT:1659 prompt, and one following AB36 poll	docs/runtime/main-port-purchase-cycle-output.md; docs/gameplay/main-commands.md; tools/ytmain_buy_output.py; tools/ytmain_buy_cycle_output.py; tests/test_ytmain_buy_output.py; tests/test_ytmain_buy_cycle_output.py; analysis/static/ytmain-buy-output.txt; analysis/static/ytmain-buy-cycle-output.txt	(missing mapping)	(missing)	missing	identify exact C owner; exact remote bytes and local result; edge tests
main-sector-fighter-command-output	player	4	exact_component_oracle	YT:[1CFE,1EC3): exact main-command F title, Union and foreign-force refusals, available-fighter row, desired-count prompt/editor, blank and negative cancellation, insufficient rejection, accepted sector-before-player persistence, success/sound suffix, endpoint and failure state; exact joined active main-prompt/editor, lowercase/trailing first-byte F dispatch, three-A41C FIELD/cache sidecars, direct YT:1659 return, fresh main prompt, and one following AB36 poll	docs/runtime/main-sector-fighter-output.md; tools/ytmain_fighters_output.py; tools/ytmain_fighters_cycle_output.py; tests/test_ytmain_fighters_output.py; tests/test_ytmain_fighters_cycle_output.py; analysis/disassembly/ytmain-fighters-output.static.txt; analysis/disassembly/ytmain-fighters-cycle-output.static.txt	(missing mapping)	(missing)	missing	identify exact C owner; exact remote bytes and local result; edge tests
main-sector-mine-output	player	4	exact_component_oracle	YT:[1ECC,2059): exact main-command D repair, refusal, prompt, cancel, accepted persistence, success/sound, endpoint and failure state; exact joined active main-prompt/editor, lowercase/trailing first-byte D dispatch, entry/body/return FIELD and cache sidecars, mandatory YT:161D mode-zero current-sector scan, fresh YT:1659 prompt, and one following AB36 poll	docs/runtime/main-sector-mine-output.md; tools/ytmain_mines_output.py; tools/ytmain_mines_cycle_output.py; tests/test_ytmain_mines_output.py; tests/test_ytmain_mines_cycle_output.py; analysis/static/ytmain-mines-output.txt; analysis/static/ytmain-mines-cycle-output.txt	(missing mapping)	(missing)	missing	identify exact C owner; exact remote bytes and local result; edge tests
main-genesis-output	player	9	exact_component_oracle	YT:[2728,286C): exact main-command G prophecy, dynamic confirmation, disabled/decline/insufficient/success branches, COMMAND$ handoff file and RMT-INIT launch ordering, endpoint and failure state; exact joined active main-prompt/editor, lowercase/trailing first-byte G dispatch, entry/return FIELD and cache sidecars, ordinary direct YT:1659 continuation, fresh main prompt, and one following AB36 poll	docs/runtime/main-genesis-output.md; tools/ytmain_genesis_output.py; tools/ytmain_genesis_cycle_output.py; tests/test_ytmain_genesis_output.py; tests/test_ytmain_genesis_cycle_output.py; analysis/static/ytmain-genesis-output.txt; analysis/static/ytmain-genesis-cycle-output.txt	(missing mapping)	(missing)	missing	identify exact C owner; exact remote bytes and local result; edge tests
planet-inventory-menu-front-end-output	player	18	exact_component_oracle	YT:[39BA,3FA0): exact nine-row planet inventory report; planet-menu free-holds/prompt/editor; whole-string and INSTR dispatch; help and invalid-command reprompt; ANSI/plain and remote/local routing; shared state, typed-ahead input, pager and mode-zero carrier endpoints; exact independent two-A41C/updater/FIELD prompt seam; complete ordinary exact planet-menu Info and mode-one Sensors passes through the following prompt, with canonical scanner entry/terminal cursor and effect-prefix continuity; complete ordinary typed/provenance D inventory pass through the following prompt; complete ordinary Q cancellation/fresh-prompt and confirmed-exit passes; complete ordinary exact L dispatch/direct jump, one shared gameplay-loop re-entry pass, one optional bounded black-hole/nonfatal-mine continuation and following pass, and one optional fresh hostile menu by typed sequencing, strict child byte/event concatenation, and carried by-reference string scratch; complete ordinary exact C dispatch/direct YT:8443 activation, independent typed A41C, and first computer prompt; complete ordinary exact F dispatch, garrison-transfer body, and following fresh planet prompt; named remaining downstream handoffs	docs/runtime/planet-menu-output.md; docs/runtime/planet-action-cycle-output.md; docs/runtime/planet-full-cycle-output.md; docs/runtime/planet-external-cycle-output.md; docs/runtime/planet-display-cycle-output.md; docs/runtime/planet-quit-cycle-output.md; docs/runtime/planet-leave-cycle-output.md; docs/runtime/gameplay-hazard-cycle-output.md; docs/runtime/hostile-fighter-entry-output.md; docs/runtime/planet-computer-cycle-output.md; docs/runtime/planet-ground-force-output.md; docs/gameplay/planet-menu.md; tools/ytplanet_output.py; tools/ytplanet_action_cycle_output.py; tools/ytplanet_full_cycle_output.py; tools/ytplanet_external_cycle_output.py; tools/ytplanet_display_cycle_output.py; tools/ytplanet_quit_cycle_output.py; tools/ytplanet_leave_cycle_output.py; tools/ytgameplay_hazard_cycle_output.py; tools/ythostile_entry_output.py; tools/ytplanet_computer_cycle_output.py; tools/ytplanet_forces_cycle_output.py; tests/test_ytplanet_output.py; tests/test_ytplanet_action_cycle_output.py; tests/test_ytplanet_full_cycle_output.py; tests/test_ytplanet_external_cycle_output.py; tests/test_ytplanet_display_cycle_output.py; tests/test_ytplanet_quit_cycle_output.py; tests/test_ytplanet_leave_cycle_output.py; tests/test_ytplanet_computer_cycle_output.py; tests/test_ytplanet_forces_cycle_output.py; analysis/disassembly/ytplanet-output.static.txt; analysis/disassembly/ytplanet-action-cycle-output.static.txt; analysis/disassembly/ytplanet-full-cycle-output.static.txt; analysis/disassembly/ytplanet-external-cycle-output.static.txt; analysis/disassembly/ytplanet-display-cycle-output.static.txt; analysis/disassembly/ytplanet-quit-cycle-output.static.txt; analysis/disassembly/ytplanet-leave-cycle-output.static.txt; analysis/disassembly/ytplanet-computer-cycle-output.static.txt; analysis/disassembly/ytplanet-forces-cycle-output.static.txt	(missing mapping)	(missing)	missing	identify exact C owner; exact remote bytes and local result; edge tests
planet-ground-force-action-output	player	6	exact_component_oracle	YT:[3389,3515): exact desired-garrison prompt/editor, blank cancel, insufficient-force rejection, zero and positive accepted mutations, success/sound branch, independent planet/player snapshots, raw FIELD overlays, planet-before-player persistence and failure prefixes; exact ordinary prompt/editor/dispatch through body and following fresh-prompt join	docs/runtime/planet-ground-force-output.md; docs/gameplay/planet-actions.md; docs/gameplay/planet-menu.md; tools/ytplanet_forces_output.py; tools/ytplanet_forces_cycle_output.py; tests/test_ytplanet_forces_output.py; tests/test_ytplanet_forces_cycle_output.py; analysis/disassembly/ytplanet-forces-output.static.txt; analysis/disassembly/ytplanet-forces-cycle-output.static.txt	(missing mapping)	(missing)	missing	identify exact C owner; exact remote bytes and local result; edge tests
planet-landing-output	player	11	exact_component_oracle	YT:[3515,369D) plus YT-SUB:[8C7F,8F2F): exact landing heading and lookup, permission and vacant-governor resolution, denial rows, force-landing confirmation and amount editor, ground-assault handoff, endpoint/pager state, FIELD/cache provenance, persistence, RNG, and ordered failure prefixes	docs/runtime/planet-landing-output.md; tools/ytplanet_landing_output.py; tests/test_ytplanet_landing_output.py; analysis/static/ytplanet-landing-output.txt	(missing mapping)	(missing)	missing	identify exact C owner; exact remote bytes and local result; edge tests
planet-creation-output	player	11	exact_component_oracle	YT:[36A0,39B1): exact zero-link planet-purchase prompt and decision paths, slot scan and protected-slot defect, name editor/confirmation, FIELD/cache provenance and ordered planet/sector/player/news persistence, creation announcement, sound/advice output, endpoints, and ordered failure prefixes	docs/runtime/planet-creation-output.md; tools/ytplanet_creation_output.py; tests/test_ytplanet_creation_output.py; analysis/disassembly/ytplanet-creation-output.static.txt	(missing mapping)	(missing)	missing	identify exact C owner; exact remote bytes and local result; edge tests
planet-ground-assault-output	player	18	exact_component_oracle	YT-SUB:[8F35,9328): exact committed-force persistence, production-updater boundary, initial attack news, two-draw combat rounds, direct force-status rows and sounds, victory/failure screen and news bytes, final planet persistence, endpoint state, and ordered failure prefixes	docs/runtime/planet-ground-assault-output.md; tools/ytground_assault_output.py; tests/test_ytground_assault_output.py; analysis/static/ytground-assault-output.txt	(missing mapping)	(missing)	missing	identify exact C owner; exact remote bytes and local result; edge tests
planet-one-hop-movement-output	player	14	exact_component_oracle	YT-SUB:[80C2,8568): exact one-hop planet-movement output, ordered sector/planet/player FIELD overlays and writes, Xannoron refusal, occupied-destination and random-stress explosions, fighter loss, Wanderer relocation, final-hop announcement, sound/news effects, stop state, endpoint routing, and bounded dependency-failure prefixes	docs/runtime/planet-move-output.md; docs/gameplay/planet-actions.md; tools/ytplanet_move_output.py; tests/test_ytplanet_move_output.py; analysis/disassembly/ytplanet-move-output.static.txt	src/yt_session.c::planet_move_hop	(missing exact native component fixture)	candidate	add exact deterministic native component fixture, state/effect, caller-edge and failure-prefix fixtures
planet-thrusters-controller-output	player	23	exact_component_oracle	YT:[2FB4,3389): exact Planet Thrusters destination/editor, validation, shortest-path construction and display, confirmation, fresh-turn check, ordered repeated YT-SUB:80C2 hops, stop and natural-completion joins, FIELD/cache/scratch provenance, and exactly one following YT:081F gameplay-loop re-entry pass	docs/runtime/planet-move-controller-output.md; docs/runtime/planet-move-output.md; docs/runtime/current-sector-output.md; docs/runtime/gameplay-loop-reentry-output.md; docs/gameplay/planet-actions.md; docs/gameplay/navigation.md; tools/ytplanet_thrusters_output.py; tools/ytplanet_move_output.py; tools/ytsector_output.py; tools/ytgameplay_reentry_output.py; tools/ytpath.py; tests/test_ytplanet_thrusters_output.py; analysis/disassembly/ytplanet-thrusters-output.static.txt	(missing mapping)	(missing)	missing	identify exact C owner; exact remote bytes and local result; edge tests
planet-take-actions-output	player	20	exact_component_oracle	YT:[3FA0,4958): exact Take One title/maximum/prompt/editor/validation and Take All weapon/commodity rows; mixed direct and B05D framing, typed-ahead pager state, carrier prefixes, fresh record snapshots, mutations, non-transactional failures, and exact ordinary body-to-fresh-prompt joins	docs/runtime/planet-take-actions-output.md; docs/runtime/planet-action-cycle-output.md; docs/runtime/planet-full-cycle-output.md; docs/gameplay/planet-menu.md; tools/ytplanet_take_output.py; tools/ytplanet_action_cycle_output.py; tools/ytplanet_full_cycle_output.py; tests/test_ytplanet_take_output.py; tests/test_ytplanet_action_cycle_output.py; tests/test_ytplanet_full_cycle_output.py; analysis/disassembly/ytplanet-take-output.static.txt; analysis/disassembly/ytplanet-action-cycle-output.static.txt; analysis/disassembly/ytplanet-full-cycle-output.static.txt	(missing mapping)	(missing)	missing	identify exact C owner; exact remote bytes and local result; edge tests
planet-transfer-action-output	player	3	exact_component_oracle	YT:[4958,4F53): exact Transfer title/selector/editor and cargo/plasma/fighter/missile/mine branches; mixed direct and B05D framing, typed-ahead pager state, carrier prefixes, cached and fresh record overlays, mutations, updater/sound tail, and non-transactional failures; exact ordinary body-to-fresh-prompt joins	docs/runtime/planet-transfer-output.md; docs/runtime/planet-action-cycle-output.md; docs/runtime/planet-full-cycle-output.md; docs/gameplay/planet-menu.md; tools/ytplanet_transfer_output.py; tools/ytplanet_action_cycle_output.py; tools/ytplanet_full_cycle_output.py; tests/test_ytplanet_transfer_output.py; tests/test_ytplanet_action_cycle_output.py; tests/test_ytplanet_full_cycle_output.py; analysis/disassembly/ytplanet-transfer-output.static.txt; analysis/disassembly/ytplanet-action-cycle-output.static.txt; analysis/disassembly/ytplanet-full-cycle-output.static.txt	(missing mapping)	(missing)	missing	identify exact C owner; exact remote bytes and local result; edge tests
planet-management-actions-output	player	23	exact_component_oracle	YT:[4F53,5464): exact desired-bank-balance and productivity purchase displays, editors, validation, success and conditional production fragments; stale/fresh cache distinctions, MBF mutation order, carrier prefixes, sound, credit-helper and non-transactional failure boundaries; exact ordinary body-to-fresh-prompt joins	docs/runtime/planet-management-output.md; docs/runtime/planet-action-cycle-output.md; docs/runtime/planet-full-cycle-output.md; docs/gameplay/planet-menu.md; docs/gameplay/planet-economy.md; tools/ytplanet_management_output.py; tools/ytplanet_action_cycle_output.py; tools/ytplanet_full_cycle_output.py; tests/test_ytplanet_management_output.py; tests/test_ytplanet_action_cycle_output.py; tests/test_ytplanet_full_cycle_output.py; analysis/disassembly/ytplanet-management-output.static.txt; analysis/disassembly/ytplanet-action-cycle-output.static.txt; analysis/disassembly/ytplanet-full-cycle-output.static.txt	(missing mapping)	(missing)	missing	identify exact C owner; exact remote bytes and local result; edge tests
planet-rename-action-output	player	5	exact_component_oracle	YT:[5464,55D6): exact protected/reserved/empty and accepted Rename paths; case-preserving editor and canonicalizer, raw quoted confirmation/retry input, typed-ahead queue effects, 41-byte cap, fresh-record overlay, carrier prefixes, and non-transactional failures; exact ordinary return-to-fresh-prompt joins	docs/runtime/planet-rename-output.md; docs/runtime/planet-action-cycle-output.md; docs/runtime/planet-full-cycle-output.md; docs/gameplay/planet-menu.md; tools/ytplanet_rename_output.py; tools/ytplanet_action_cycle_output.py; tools/ytplanet_full_cycle_output.py; tests/test_ytplanet_rename_output.py; tests/test_ytplanet_action_cycle_output.py; tests/test_ytplanet_full_cycle_output.py; analysis/disassembly/ytplanet-rename-output.static.txt; analysis/disassembly/ytplanet-action-cycle-output.static.txt; analysis/disassembly/ytplanet-full-cycle-output.static.txt	(missing mapping)	(missing)	missing	identify exact C owner; exact remote bytes and local result; edge tests
team-command-front-end-output	player	2	exact_component_oracle	YT:[55D6,5796): exact teamless/member/captain option rows, ordinary visible captain-status resolver and promotion, time/prompt/successful-editor order, supported raw-response numeric-gate structure, invalid redraw, malformed cached-team/captain distinctions, ANSI/plain endpoint routing, B05D carrier prefixes, and state	docs/runtime/team-menu-output.md; docs/gameplay/teams.md; tools/ytteam_output.py; tools/ytteam_cycle_output.py; tests/test_ytteam_output.py; tests/test_ytteam_cycle_output.py; analysis/disassembly/ytteam-output.static.txt; analysis/disassembly/ytteam-cycle-output.static.txt; docs/runtime/team-command-cycle-output.md	(missing mapping)	(missing)	missing	identify exact C owner; exact remote bytes and local result; edge tests
team-command-action-bodies-output	player	36	exact_component_oracle	YT:[5796,63CB) plus YT:[64CD,660D): exact exit, create, join, quit, nested teammate/resource search, defense transfer, banishment, password, and name action bodies through their leave/redraw boundaries, including prompts, editors, raw rows, pagination, carrier prefixes, mutations, and failure ordering	docs/runtime/team-membership-actions-output.md; docs/runtime/team-resource-actions-output.md; docs/runtime/team-captain-actions-output.md; tools/ytteam_membership_output.py; tools/ytteam_resource_output.py; tools/ytteam_captain_output.py; tools/ytteam_cycle_output.py; tests/test_ytteam_membership_output.py; tests/test_ytteam_resource_output.py; tests/test_ytteam_captain_output.py; tests/test_ytteam_cycle_output.py; analysis/disassembly/ytteam-membership-output.static.txt; analysis/disassembly/ytteam-resource-output.static.txt; analysis/disassembly/ytteam-captain-output.static.txt; analysis/disassembly/ytteam-cycle-output.static.txt; docs/runtime/team-command-cycle-output.md	(missing mapping)	(missing)	missing	identify exact C owner; exact remote bytes and local result; edge tests
confirmed-normal-exit-output	player	2	exact_component_oracle	YT:[0206,02BF) after accepted quit: exact foreground/Info join, 031F no-newline generating row, four raw generator progress dots, successful scoreboard-generator file/state handoff, nonstop A57C EOF/Q playback, registration predicate/attention/ten-second wait, dynamic BBS-return row, endpoint modes, carried state, and mode-zero B05D carrier prefixes	docs/runtime/normal-exit-output.md; docs/runtime/text-file-viewer.md; docs/file-formats/YTSCORE.md; tools/ytnormal_exit_output.py; tests/test_ytnormal_exit_output.py; analysis/disassembly/ytnormal-exit-output.static.txt	(missing mapping)	(missing)	missing	identify exact C owner; exact remote bytes and local result; edge tests
main-command-shell-navigation-and-scanners	player	0	aggregate_catalog	aggregate catalog; owns no presentation sites	docs/gameplay/command-shell.md; docs/gameplay/main-commands.md; tools/ytcommand_shell.py; tools/ytmain_commands.py	(catalog only)	(not applicable)	verified	none; aggregate owns no presentation sites
ship-computer-front-end-output	player	4	exact_component_oracle	YT:[8443,8959): exact activation, 17-row help, prompt/editor, complete exact and inherited-substring dispatch, invalid/reactivation/deactivation cycles, and option-14 filter front through named downstream handoffs	docs/runtime/computer-front-output.md; docs/gameplay/computer-profit.md; tools/ytcomputer_front_output.py; tools/ytcomputer_planet_cycle_output.py; tests/test_ytcomputer_front_output.py; tests/test_ytcomputer_planet_cycle_output.py; analysis/disassembly/ytcomputer-front-output.static.txt; analysis/disassembly/ytcomputer-planet-cycle-output.static.txt; docs/runtime/computer-planet-cycle-output.md	(missing mapping)	(missing)	missing	identify exact C owner; exact remote bytes and local result; edge tests
ship-computer-return-prompt-output	player	0	exact_component_oracle	YT:[8639,8672): exact ordinary current-player FIELD/cloak hydration boundary including both CINT gates, dirty-zero scanner scratch, inherited-color blank, foreground-one time/command prompt, low-time warning, input sampling, endpoint routing, pager state, and carrier prefixes	docs/runtime/computer-return-prompt-output.md; docs/runtime/computer-front-output.md; tools/ytcomputer_return_output.py; tools/ytcomputer_return_machine.py; tools/ytcomputer_front_output.py; tests/test_ytcomputer_return_output.py; tests/test_ytcomputer_return_machine.py; tests/test_ytcomputer_front_output.py; analysis/disassembly/ytcomputer-return-output.static.txt; analysis/disassembly/ytcomputer-return-machine.static.txt; analysis/disassembly/ytcomputer-front-output.static.txt	(missing mapping)	(missing)	missing	identify exact C owner; exact remote bytes and local result; edge tests
ship-computer-avoid-list-output	player	28	exact_component_oracle	YT:[8959,8C52): exact command-7 headings, 30-slot three-column rendering, ordinary successful editor/VAL paths, fractional MBF32 mutation, status ordering, endpoint behavior, named first-poll terminal/bounded failures, and fresh computer-prompt return	docs/runtime/computer-avoid-output.md; docs/gameplay/computer-profit.md; docs/gameplay/navigation.md; tools/ytcomputer_avoid_output.py; tests/test_ytcomputer_avoid_output.py; analysis/disassembly/ytcomputer-avoid-output.static.txt	(missing mapping)	(missing)	missing	identify exact C owner; exact remote bytes and local result; edge tests
ship-computer-avoid-cycle-output	player	0	exact_component_oracle	exact joined cycle from the active YT:8639 prompt/editor through exact b'7' dispatch, YT:[8959,8C52) avoid-list body, all three ordinary direct returns, authoritative entry/return A41C FIELD/cloak state, and the YT:[8639,8672) fresh prompt	docs/runtime/computer-avoid-cycle-output.md; docs/runtime/computer-front-output.md; docs/runtime/computer-avoid-output.md; docs/runtime/computer-return-prompt-output.md; docs/gameplay/computer-profit.md; tools/ytcomputer_avoid_cycle_output.py; tools/ytcomputer_front_output.py; tools/ytcomputer_avoid_output.py; tools/ytcomputer_return_output.py; tests/test_ytcomputer_avoid_cycle_output.py; tests/test_ytcomputer_front_output.py; tests/test_ytcomputer_avoid_output.py; tests/test_ytcomputer_return_output.py; analysis/disassembly/ytcomputer-avoid-cycle-output.static.txt; analysis/disassembly/ytcomputer-front-output.static.txt; analysis/disassembly/ytcomputer-avoid-output.static.txt; analysis/disassembly/ytcomputer-return-output.static.txt	(missing mapping)	(missing)	missing	identify exact C owner; exact remote bytes and local result; edge tests
ship-computer-path-finder-output	player	16	exact_component_oracle	authoritative YT:8639 entry hydration/prompt, YT:8672 editor and exact command-10 dispatch, YT:[8EFD,91DF) path finder plus the shared YT-SUB:[12F8,1369) route-exhaustion output, exact YTDATA-backed route FIELD ownership and raw route/private-cache state, and every ordinary return through authoritative hydration/fresh prompt: exact editors and VAL/INT admission, selected BFS route, mixed endings, local-POS wrapping, endpoint state, failure styling, pager resets, and retained state	docs/runtime/computer-path-output.md; docs/runtime/computer-navigation-cycles-output.md; docs/gameplay/computer-profit.md; docs/gameplay/navigation.md; tools/ytcomputer_path_output.py; tools/ytcomputer_navigation_cycles_output.py; tools/ytpath.py; tests/test_ytcomputer_path_output.py; tests/test_ytcomputer_navigation_cycles_output.py; tests/test_ytpath.py; analysis/disassembly/ytcomputer-path-output.static.txt; analysis/disassembly/ytcomputer-navigation-cycles-output.static.txt; analysis/disassembly/ytpath.static.txt	(missing mapping)	(missing)	missing	identify exact C owner; exact remote bytes and local result; edge tests
ship-computer-autopilot-output	player	6	exact_component_oracle	authoritative YT:8639 entry hydration/prompt, YT:8672 editor and exact 3/34 dispatch, full YT:[8F45,932F) command-3 composition, exact YTDATA-backed route/inner-player/final-sector FIELD ownership, all three ordinary A41C snapshots, and every ordinary return through authoritative hydration/fresh prompt: insufficient/turn rows, A8D2 retries, accept/cancel, engagement, route-program queue injection, warp-cache refresh ordering, endpoint state, and retained-marker joins	docs/runtime/computer-autopilot-output.md; docs/runtime/computer-path-output.md; docs/runtime/computer-navigation-cycles-output.md; docs/gameplay/navigation.md; tools/ytcomputer_autopilot_output.py; tools/ytcomputer_path_output.py; tools/ytcomputer_navigation_cycles_output.py; tests/test_ytcomputer_autopilot_output.py; tests/test_ytcomputer_path_output.py; tests/test_ytcomputer_navigation_cycles_output.py; analysis/disassembly/ytcomputer-autopilot-output.static.txt; analysis/disassembly/ytcomputer-path-output.static.txt; analysis/disassembly/ytcomputer-navigation-cycles-output.static.txt	(missing mapping)	(missing)	missing	identify exact C owner; exact remote bytes and local result; edge tests
ship-computer-scoreboard-output	player	0	exact_component_oracle	authoritative YT:8639 entry hydration/prompt, YT:8672 editor and exact 4/45 dispatch, YT:[932F,93A0) old/updated selector, exact generator progress join, shared scoreboard viewer and ordinary missing-file recovery, plus authoritative successful return hydration/fresh prompt: complete selector predicate/echo/queue behavior, low-time checks, ANSI/plain/corrupt endpoints, pagination, Ctrl-X, mutation/failure phases, and retained state	docs/runtime/computer-scoreboard-output.md; docs/runtime/computer-file-cycles-output.md; docs/runtime/text-file-viewer.md; docs/file-formats/YTSCORE.md; tools/ytcomputer_scoreboard_output.py; tools/ytcomputer_file_cycles_output.py; tools/ytfileviewer.py; tools/ytscore.py; tests/test_ytcomputer_scoreboard_output.py; tests/test_ytcomputer_file_cycles_output.py; analysis/disassembly/ytcomputer-scoreboard-output.static.txt; analysis/disassembly/ytcomputer-file-cycles-output.static.txt	(missing mapping)	(missing)	missing	identify exact C owner; exact remote bytes and local result; edge tests
ship-computer-newspaper-output	player	0	exact_component_oracle	authoritative YT:8639 entry hydration/prompt, YT:8672 editor and exact command-8 dispatch, YT:[8CA4,8D2F) T/Y selector, exact mixed-case pathname selection, shared current/yesterday viewer and ordinary missing-file recovery, plus authoritative return hydration/fresh prompt: complete retries/echo/queue behavior, low-time checks, ANSI/plain/corrupt endpoints, pagination, Ctrl-X, recovery append, and retained state	docs/runtime/computer-newspaper-output.md; docs/runtime/computer-file-cycles-output.md; docs/runtime/text-file-viewer.md; docs/file-formats/YTNEWS.md; tools/ytcomputer_newspaper_output.py; tools/ytcomputer_file_cycles_output.py; tools/ytfileviewer.py; tools/ytnews.py; tests/test_ytcomputer_newspaper_output.py; tests/test_ytcomputer_file_cycles_output.py; analysis/disassembly/ytcomputer-newspaper-output.static.txt; analysis/disassembly/ytcomputer-file-cycles-output.static.txt	(missing mapping)	(missing)	missing	identify exact C owner; exact remote bytes and local result; edge tests
ship-computer-radio-log-output	player	0	exact_component_oracle	command-6 prompt/echo, YT:[8C77,8CA4) canonical mode-one radio-reader wrapper, successful complete-record log display with private pagination and name-FIELD order, and fresh YT:[8639,8672) computer prompt	docs/runtime/computer-radio-log-output.md; docs/runtime/radio-message-output.md; tools/ytcomputer_radio_log_output.py; tools/ytrmsg_output.py; tests/test_ytcomputer_radio_log_output.py; tests/test_ytrmsg_output.py; analysis/disassembly/ytcomputer-radio-log-output.static.txt; analysis/disassembly/ytrmsg-output.static.txt	(missing mapping)	(missing)	missing	identify exact C owner; exact remote bytes and local result; edge tests
ship-computer-radio-composer-cycle-output	player	0	exact_component_oracle	command-5/59 prompt and dispatch, exact target-selector and body/editor/writer joins, target-to-body memory translation, persistence order, ordinary controller returns, and fresh YT:[8639,8672) computer prompt	docs/runtime/computer-radio-composer-cycle-output.md; docs/runtime/radio-composer-output.md; docs/runtime/radio-body-output.md; tools/ytcomputer_radio_composer_cycle_output.py; tools/ytradio_composer_output.py; tools/ytradio_body_output.py; tests/test_ytcomputer_radio_composer_cycle_output.py; analysis/disassembly/ytcomputer-radio-composer-cycle-output.static.txt	(missing mapping)	(missing)	missing	identify exact C owner; exact remote bytes and local result; edge tests
ship-computer-port-report-output	player	1	exact_component_oracle	authoritative YT:8639 entry hydration/prompt, YT:8672 editor and exact 2/23 dispatch, YT:[8D5F,8EFD) case-preserved sector editor, VAL/INT/range retry, selected-sector GET, entry-FIELD-derived team cache, unconditional friendship and deployed-fighter visibility predicate, exact ordinary-port/Earth report joins and mutations, plus authoritative successful return hydration/fresh prompt, endpoints, carrier prefixes, and retained state	docs/runtime/computer-port-report-output.md; docs/runtime/computer-file-cycles-output.md; docs/runtime/port-commerce-output.md; docs/runtime/earth-store-output.md; tools/ytcomputer_port_report_output.py; tools/ytcomputer_file_cycles_output.py; tools/ytport_output.py; tools/ytearth_output.py; tests/test_ytcomputer_port_report_output.py; tests/test_ytcomputer_file_cycles_output.py; analysis/disassembly/ytcomputer-port-report-output.static.txt; analysis/disassembly/ytcomputer-file-cycles-output.static.txt	(missing mapping)	(missing)	missing	identify exact C owner; exact remote bytes and local result; edge tests
ship-computer-active-spy-output	player	4	exact_component_oracle	YT:[A381,A41C): exact command-15 active-spy display for the reachable count 0..3, including the zero notice, leading blank, row grammar/order, STR$ formatting, endpoint/pager/carrier state, and bounded dependency failures	docs/runtime/computer-spy-output.md; docs/gameplay/computer-profit.md; docs/gameplay/computer-reports.md; tools/ytcomputer_spy_output.py; tests/test_ytcomputer_spy_output.py; analysis/disassembly/ytcomputer-spy-output.static.txt	(missing mapping)	(missing)	missing	identify exact C owner; exact remote bytes and local result; edge tests
ship-computer-active-spy-cycle-output	player	0	exact_component_oracle	exact command-15 front prompt/editor, A381 body for counts 0..3, branch-specific RETURN/87D2 join, and exact YT:[8639,8672) fresh prompt	docs/runtime/computer-spy-cycle-output.md; docs/runtime/computer-spy-output.md; docs/runtime/computer-return-prompt-output.md; tools/ytcomputer_spy_cycle_output.py; tests/test_ytcomputer_spy_cycle_output.py; analysis/disassembly/ytcomputer-spy-cycle-output.static.txt	(missing mapping)	(missing)	missing	identify exact C owner; exact remote bytes and local result; edge tests
ship-computer-nearest-output	player	29	exact_component_oracle	YT-SUB:[00B2,0E3F) command-14 nearest-port body: exact scan banner, complete descending-tie BFS, selector predicates, DATE/GET/TIMER order, transient MBF32 projection, row bytes and colors, Earth/owner branches, private pagination/input, endpoint state, and bounded failures	docs/runtime/computer-nearest-output.md; docs/gameplay/computer-profit.md; docs/gameplay/navigation.md; tools/ytcomputer_nearest_output.py; tests/test_ytcomputer_nearest_output.py; analysis/disassembly/ytcomputer-nearest-output.static.txt	src/yt_session.c::{computer_nearest_ports,nearest_more,project_port_market}	(missing exact native component fixture)	candidate	add deterministic body/state/effect, endpoint, corrupt-state, caller-edge and failure-prefix fixtures
ship-computer-nearest-cycle-output	player	0	exact_component_oracle	exact command-14 prompt/filter handoff and front-only reentry, separate A41C hydrations, YT-SUB:[00B2,0E3F) nearest-port body, RETF 4 caller wrapper, authoritative 137-byte FIELD seam, private/shared pager state, and YT:[8639,8672) prompt	docs/runtime/computer-nearest-cycle-output.md; docs/runtime/computer-nearest-output.md; docs/runtime/computer-front-output.md; docs/runtime/computer-return-prompt-output.md; tools/ytcomputer_nearest_cycle_output.py; tests/test_ytcomputer_nearest_cycle_output.py; analysis/disassembly/ytcomputer-nearest-cycle-output.static.txt	src/yt_session.c::{computer_menu,computer_nearest_ports}	(missing exact native component fixture)	candidate	add deterministic front/body/return-prompt component and failure-prefix fixtures
ship-computer-planet-report-output	player	5	exact_component_oracle	YT:[9F7F,A1F8) command-9 body with the actual selector carrier, one shared raw A89B turn gate, exact 031F/036F prompt/editor, parameterized AB36 polls, raw BRUN VAL/range loop, range/limited/unavailable/full decisions, friendship GET/FIELD order, bounded ordinary zero-spy A6E3 debit/cloak/turn/RND gate, 39BA inventory composition, and all 18 caller public-operation saved cursors/shared fault owners; ANSI/plain endpoint, pager/carrier state, persistence/RNG order, and bounded failures	docs/runtime/computer-planet-report-output.md; docs/gameplay/computer-reports.md; docs/gameplay/computer-profit.md; tools/ytcomputer_planet_report_output.py; tools/ytcomputer_planet_cycle_output.py; tools/ytcomputer_command9_input_world.py; tools/ytcomputer_planet_selection.py; tests/test_ytcomputer_planet_report_output.py; tests/test_ytcomputer_planet_cycle_output.py; tests/test_ytcomputer_command9_input_world.py; tests/test_ytcomputer_planet_selection.py; analysis/disassembly/ytcomputer-command9-input-world.static.txt; analysis/disassembly/ytcomputer-planet-report-output.static.txt; analysis/disassembly/ytcomputer-planet-cycle-output.static.txt; docs/runtime/computer-planet-cycle-output.md	(missing mapping)	(missing)	missing	identify exact C owner; exact remote bytes and local result; edge tests
ship-computer-profit-reports-output	player	31	exact_component_oracle	YT-SUB2:[00B2,0A94) and [2693,31B8): exact command 17 adjacent-profit and command 16 global-pair report bodies, including transient MBF32 projection, row bytes/colors, two-column pagination, endpoint state, RETF 0, and bounded failures	docs/runtime/computer-profit-output.md; docs/gameplay/computer-profit.md; tools/ytcomputer_profit_output.py; tests/test_ytcomputer_profit_output.py; analysis/disassembly/ytcomputer-profit-output.static.txt	src/yt_session.c::{computer_profit,project_port_market,profit_emit_row,profit_more}	(missing exact native component fixture)	candidate	add deterministic MBF32 market/36-byte-row/two-column/pager fixture; verify caller base values/date-clock tape, corrupt raw-array reads, and physical failures
ship-computer-profit-cycle-output	player	0	exact_component_oracle	exact command-16 and command-17 prompt/editor dispatch, entry A41C current-sector/FIELD cache seam, YT-SUB2:[00B2,0A94) and [2693,31B8) profit bodies through RETF 0, distinct caller epilogues, authoritative 137-byte FIELD residue, private/shared pager and clock state, return A41C, and YT:[8639,8672) fresh prompt	docs/runtime/computer-profit-cycle-output.md; docs/runtime/computer-profit-output.md; docs/runtime/computer-front-output.md; docs/runtime/computer-return-prompt-output.md; docs/gameplay/computer-profit.md; tools/ytcomputer_profit_cycle_output.py; tests/test_ytcomputer_profit_cycle_output.py; analysis/disassembly/ytcomputer-profit-cycle-output.static.txt	(missing mapping)	(missing)	missing	identify exact C owner; exact remote bytes and local result; edge tests
computer-finders-output	player	3	exact_component_oracle	YT-SUB:[9814,9950) command-13 owned-planet finder and YT:[A1F8,A36F) command-11 owned-fighter finder: exact headings, rows, NONE results, early-Q behavior, endpoint/ANSI/local state, and bounded record-read failures	docs/runtime/computer-finders-output.md; docs/gameplay/computer-reports.md; tools/ytcomputer_finders_output.py; tests/test_ytcomputer_finders_output.py; analysis/disassembly/ytcomputer-finders-output.static.txt	(missing mapping)	(missing)	missing	identify exact C owner; exact remote bytes and local result; edge tests
ship-computer-finders-cycle-output	player	0	exact_component_oracle	exact command-11 and command-13 front prompt/editor, distinct direct-jump and far-call return lanes, finder bodies, exact 137-byte FIELD seam, and YT:[8639,8672) fresh prompt	docs/runtime/computer-finders-cycle-output.md; docs/runtime/computer-finders-output.md; docs/runtime/computer-return-prompt-output.md; tools/ytcomputer_finders_cycle_output.py; tests/test_ytcomputer_finders_cycle_output.py; analysis/disassembly/ytcomputer-finders-cycle-output.static.txt	(missing mapping)	(missing)	missing	identify exact C owner; exact remote bytes and local result; edge tests
owned-port-treasury-output	player	11	exact_component_oracle	YT-SUB:[8901,8C7F) main-$ and hidden-! owned-port collection body plus command-12 treasury display: exact headings, rows, totals, empty result, endpoint/ANSI/local state, pager absence, persistence, and bounded dependency failures	docs/runtime/port-treasury-output.md; docs/gameplay/computer-profit.md; tools/ytport_treasury_output.py; tests/test_ytport_treasury_output.py; analysis/disassembly/ytport-treasury-output.static.txt	src/yt_session.c::{command_collect,session_fixed_width}	tests/test_presentation.c (fixed-width primitive only)	candidate	add exact deterministic native component fixture, state/effect, caller-edge and failure-prefix fixtures
ship-computer-treasury-cycle-output	player	0	exact_component_oracle	exact hidden-! and command-12 front prompt/editor, raw-mode dispatch, YT-SUB:8901 treasury body, caller wrapper, exact 137-byte FIELD/persistence seam, and YT:[8639,8672) fresh prompt	docs/runtime/computer-treasury-cycle-output.md; docs/runtime/port-treasury-output.md; docs/runtime/computer-return-prompt-output.md; tools/ytcomputer_treasury_cycle_output.py; tests/test_ytcomputer_treasury_cycle_output.py; analysis/disassembly/ytcomputer-treasury-cycle-output.static.txt	(missing mapping)	(missing)	missing	identify exact C owner; exact remote bytes and local result; edge tests
main-port-treasury-cycle-output	player	0	exact_component_oracle	exact active YT:1659 main prompt/editor and first-byte '$' dispatch, raw DS:628A-to-DS:4E5A true wrapper, YT-SUB:8901 collection body with authoritative 137-byte record store, mandatory YT:161D mode-zero scanner, fresh YT:1659 prompt, and one AB36 poll; preserves FIELD, nontransactional port/player writes, exact typed-cache transitions, scratch, pager/ANSI state, and candidate-ordered scanner RNG adapters	docs/runtime/main-treasury-cycle-output.md; docs/runtime/port-treasury-output.md; tools/ytmain_treasury_cycle_output.py; tests/test_ytmain_treasury_cycle_output.py; analysis/disassembly/ytmain-treasury-cycle-output.static.txt	(missing mapping)	(missing)	missing	identify exact C owner; exact remote bytes and local result; edge tests
computer-news-and-report-suite	player	0	aggregate_catalog	aggregate catalog; owns no presentation sites	docs/gameplay/computer-profit.md; docs/gameplay/computer-reports.md; docs/file-formats/YTNEWS.md; tools/ytcomputer.py; tools/ytreports.py; tools/ytnews.py	(catalog only)	(not applicable)	verified	none; aggregate owns no presentation sites
earth-store-report-and-front-end-output	player	48	exact_component_oracle	YT:[6CB3,7401) fixed Earth report and bounded front-end: title, ordinary owner rows, mode-one clearance announcements, nine exact table rows, menu/prompt/editor, invalid and redraw cycles, S/I component joins and waits, dispatch grammar, endpoint modes, pager/carrier behavior, RNG and carried state	docs/runtime/earth-store-output.md; docs/gameplay/earth-store-lottery.md; tools/ytearth_output.py; tests/test_ytearth_output.py; analysis/disassembly/ytearth-output.static.txt	(missing mapping)	(missing)	missing	identify exact C owner; exact remote bytes and local result; edge tests
shared-port-owner-treasury-row-output	player	3	exact_component_oracle	YT:[A949,A9E1): exact direct owner row for unowned, current-owner treasury, and live other-owner name paths, shared by command-B purchase and ordinary/Earth reports	docs/runtime/earth-store-output.md; docs/runtime/port-commerce-output.md; tools/ytearth_output.py; tools/ytport_output.py; tests/test_ytearth_output.py; tests/test_ytport_output.py; analysis/disassembly/ytearth-output.static.txt; analysis/disassembly/ytport-output.static.txt	src/yt_session.c::port_owner_row	(missing exact native component fixture)	candidate	ordinary-port cached-owner branches represented; Earth integration, raw conversion failures, exact bytes/local result and physical GET/write prefixes remain
ordinary-port-commerce-report-output	player	11	exact_component_oracle	YT:[6AEC,6CB3): exact ordinary-port dated commerce report, owner row, three buying/selling commodity rows, dynamic prices and stocks, mixed output framing, pager/carrier/endpoint state, and updater/price dependency boundaries	docs/runtime/port-commerce-output.md; docs/gameplay/port-economy.md; tools/ytport_output.py; tests/test_ytport_output.py; analysis/disassembly/ytport-output.static.txt	src/yt_session.c::{port_report,port_owner_row,session_b05d}; src/yt_presentation.c::{yt_present_paged_text,yt_present_paged_finish}	tests/test_presentation.c::test_paged_output	candidate	structural snapshots, typed formatting, row segmentation and LF/CR paged seam represented; add bounded full report bytes/state/fault fixture and exact local/remote input arbitration
clearance-sale-output	player	4	exact_component_oracle	YT-SUB:[481C,4AD5): exact two-mode sale creation, normalization, and announcements, including raw mode/discount cells, TIMER reseed boundary, interleaved RNG/output order, all four labels, integer discount rounding, inherited ANSI/local state, direct line/music framing, no pager/carrier work, and the three shipped caller seams	docs/runtime/clearance-sale-output.md; tools/ytclearance_output.py; tests/test_ytclearance_output.py; analysis/disassembly/ytclearance-output.static.txt	(missing mapping)	(missing)	missing	identify exact C owner; exact remote bytes and local result; edge tests
earth-purchase-actions-output	player	36	exact_component_oracle	YT:[7401,7CCF): exact nine Earth purchase bodies through the redraw or downstream-handoff boundary, plus the explicitly owned visible sites in the called Pick-6 helper YT-SUB:[4CCD,52F2); prompts, editors, validation, lottery animation, Anti-Cloak and spies, MBF/RNG/state mutations, pager/carrier/endpoint behavior and non-transactional failures	docs/runtime/earth-purchase-actions-output.md; docs/runtime/earth-store-output.md; docs/gameplay/earth-store-lottery.md; tools/ytearth_purchase_output.py; tests/test_ytearth_purchase_output.py; analysis/disassembly/ytearth-purchase-output.static.txt	(missing mapping)	(missing)	missing	identify exact C owner; exact remote bytes and local result; edge tests
commodity-trade-action-output	player	33	exact_component_oracle	YT:[7CCF,8443): exact fixed-price commodity trade quantity, validation, confirmation, cancel and success paths; direction, maximum and totals, mixed output/input framing, cached/fresh record overlays, pager/carrier/endpoint state, treasury and non-transactional failure order	docs/runtime/commodity-trade-output.md; docs/gameplay/port-economy.md; tools/yttrade_output.py; tests/test_yttrade_output.py; analysis/disassembly/yttrade-output.static.txt	(missing mapping)	(missing)	missing	identify exact C owner; exact remote bytes and local result; edge tests
earth-port-planet-team-spy-and-combat	player	0	aggregate_catalog	aggregate catalog; owns no presentation sites	docs/gameplay/earth-store-lottery.md; docs/gameplay/port-economy.md; docs/gameplay/planet-menu.md; docs/gameplay/planet-actions.md; docs/gameplay/teams.md; docs/gameplay/spies.md; docs/gameplay/player-combat.md	(catalog only)	(not applicable)	verified	none; aggregate owns no presentation sites
radio-message-reader-output	player	6	exact_component_oracle	YT-SUB:2614 successful complete-record scan: exact headings, compiled visibility, name/header/body bytes, private 22-row pause and timed wait, endpoint/ANSI/local state, inclusive zero EOF probe, and raw counter PUT	docs/runtime/radio-message-output.md; docs/file-formats/YTRMSG.md; tools/ytrmsg_output.py; tests/test_ytrmsg_output.py; analysis/disassembly/ytrmsg-output.static.txt	(missing mapping)	(missing)	missing	identify exact C owner; exact remote bytes and local result; edge tests
radio-composer-target-output	player	3	exact_component_oracle	YT:[93A1,9548) target-selection front and YT:[9E86,9F7F) personal-recipient search: exact warm-up/prompt, target normalization, ALL/team/personal branching, physical-slot tuning rows, live-player candidate scan and confirmation, endpoint/ANSI/local state, and bounded dependency failures	docs/runtime/radio-composer-output.md; docs/gameplay/radio-composer.md; tools/ytradio_composer_output.py; tests/test_ytradio_composer_output.py; analysis/disassembly/ytradio-composer-output.static.txt	(missing mapping)	(missing)	missing	identify exact C owner; exact remote bytes and local result; edge tests
radio-composer-body-output	player	69	exact_component_oracle	YT:[9548,9E86) message body, command menu, list/abort/continue/edit paths, recipient-major send fanout, and success exit: exact input/wrap/backspace behavior, prompt/row bytes, endpoint/ANSI/local state, news/YTRMSG persistence, and bounded dependency failures	docs/runtime/radio-body-output.md; docs/gameplay/radio-composer.md; tools/ytradio_body_output.py; tests/test_ytradio_body_output.py; analysis/disassembly/ytradio-body-output.static.txt	(missing mapping)	(missing)	missing	identify exact C owner; exact remote bytes and local result; edge tests
radio-message-composer	player	0	aggregate_catalog	aggregate catalog; owns no presentation sites	docs/gameplay/radio-composer.md; docs/file-formats/YTRMSG.md; tools/ytradio.py; tools/ytrmsg.py	(catalog only)	(not applicable)	verified	none; aggregate owns no presentation sites
xannor-headquarters-victory	player	5	exact_component_oracle	YT-SUB:[A7DE,A9B5): exact inherited-state presentation of the pinned shipped 230-byte XannorHQ.TXT LINE INPUT sequence, raw pause and consumed timed wait, blank/bonus bytes, ANSI/plain/local state, three music calls, news/radio record bytes, credit and logical-slot-21 mutations, call-boundary failure prefixes, the canonical raw YTWorld/FIELD/string/pager adapter, the player-missile 731B caller edge, the direct-Attack 1248 predicate/call/return raw-world edge, the plasma B05F predicate/call/return raw-world edge, and the A9B5 RETF epilogue	docs/gameplay/xannor-victory.md; docs/runtime/xannor-victory-output.md; tools/ythq_victory.py; tools/ythq_victory_output.py; tools/ythq_victory_world.py; tools/ytdirect_hq_world.py; tools/ytplasma_hq_world.py; tests/test_ythq_victory_output.py; tests/test_ythq_victory_world.py; tests/test_ythq_callers_world.py; tests/test_ytmissile_world.py; analysis/disassembly/ythq-victory-output.static.txt	(missing mapping)	(missing)	missing	identify exact C owner; exact remote bytes and local result; edge tests
yt-init-whole-program-output-and-generated-data	operator initialization and generated player data	355	exact_component_oracle	YT-INIT rooted at 0030: every reachable PRINT/input/cursor/audio/dynamic-string operation and every strict literal reference, including the confirmation split, parameterized console tapes, generated YTDATA/YTNEWS/YTNAME/YTRMSG bytes, Xannor names, normal termination, and successful RUN handoff; caller numeric spelling and physical results compose through their existing shared targets	docs/runtime/initialization.md; docs/runtime/yt-init-console-prefix.md; tools/ytinit_console_prefix.py; tools/initializers.py; tests/test_ytinit_console_prefix.py; tests/test_initializers.py; analysis/disassembly/yt-init-console-prefix.static.txt; analysis/disassembly/yt-init.reachable.lst	(missing mapping)	(missing)	missing	identify exact C owner; exact remote bytes and local result; edge tests
ytconfig-startup-menu-output	local operator configuration startup and menu	108	exact_component_oracle	YTCONFIG:0030..053B entry, OPEN/LOF split, empty-file fatal terminal, FIELD/GET and working repairs, common menu redraw, input retry, folded-key echo, and first P dispatch; shared runtime numeric, file, PRINT, framebuffer, and END targets retain their canonical address-owned interfaces	docs/runtime/configuration-editor.md; tools/ytconfig.py; tools/ytconfig_output.py; tools/ytconfig_cleanup.py; tests/test_ytconfig.py; tests/test_ytconfig_output.py; tests/test_ytconfig_cleanup.py; analysis/disassembly/ytconfig.static.txt; analysis/disassembly/ytconfig-output.static.txt; analysis/disassembly/ytconfig-cleanup.static.txt; analysis/disassembly/ytconfig.reachable.lst	(missing mapping)	(missing)	missing	identify exact C owner; exact remote bytes and local result; edge tests
ytconfig-planet-editor-output	local operator planet-name editor	155	exact_component_oracle	YTCONFIG:053E..0AE9 selected P branch: planet-record scan, empty-game return, list/pause loop, selector validation, protected names, replacement confirmation/cancel/save, FIELD GET/LSET/PUT, wait loop, and every common-menu return	docs/runtime/configuration-editor.md; tools/ytconfig.py; tools/ytconfig_output.py; tests/test_ytconfig.py; tests/test_ytconfig_output.py; analysis/disassembly/ytconfig.static.txt; analysis/disassembly/ytconfig-output.static.txt; analysis/disassembly/ytconfig.reachable.lst	(missing mapping)	(missing)	missing	identify exact C owner; exact remote bytes and local result; edge tests
ytconfig-port-editor-output	local operator port-name editor	73	exact_component_oracle	YTCONFIG:0AE9..0E14 selected O branch: search input and scan, match confirmation, end/not-found results, replacement input, confirmation/cancel/save, FIELD LSET/PUT, pauses, and common-menu returns	docs/runtime/configuration-editor.md; tools/ytconfig.py; tools/ytconfig_output.py; tests/test_ytconfig.py; tests/test_ytconfig_output.py; analysis/disassembly/ytconfig.static.txt; analysis/disassembly/ytconfig-output.static.txt; analysis/disassembly/ytconfig.reachable.lst	(missing mapping)	(missing)	missing	identify exact C owner; exact remote bytes and local result; edge tests
ytconfig-alias-editor-output	local operator player-name/alias editor	176	exact_component_oracle	YTCONFIG:0E14..15B5 selected N branch: YTNAME load/EOF scan, empty and populated list/pause loops, selector/action input, cancel/confirm, nontransactional YTNAME rewrite, matching-player propagation, completion wait, failures, and common-menu returns	docs/runtime/configuration-editor.md; tools/ytconfig.py; tools/ytconfig_output.py; tests/test_ytconfig.py; tests/test_ytconfig_output.py; analysis/disassembly/ytconfig.static.txt; analysis/disassembly/ytconfig-output.static.txt; analysis/disassembly/ytconfig.reachable.lst	(missing mapping)	(missing)	missing	identify exact C owner; exact remote bytes and local result; edge tests
ytconfig-genesis-editor-output	local operator Genesis-threshold editor	16	exact_component_oracle	YTCONFIG:15B5..165E selected L branch: current instructions and prompt, input/blank return, VAL/range/BEEP result, record-1 GET/MKS$/LSET/PUT, failures, and common-menu return	docs/runtime/configuration-editor.md; tools/ytconfig.py; tools/ytconfig_output.py; tests/test_ytconfig.py; tests/test_ytconfig_output.py; analysis/disassembly/ytconfig.static.txt; analysis/disassembly/ytconfig-output.static.txt; analysis/disassembly/ytconfig.reachable.lst	(missing mapping)	(missing)	missing	identify exact C owner; exact remote bytes and local result; edge tests
ytconfig-headquarters-relocation-output	local operator Xannor Headquarters relocation	17	exact_component_oracle	YTCONFIG:165E..1875 selected H branch: prompt/input/range, sector occupancy checks, merged fighters, exact four-write old/new/overlay/config sequence with every partial prefix, failures, and common-menu return	docs/runtime/configuration-editor.md; tools/ytconfig.py; tools/ytconfig_output.py; tests/test_ytconfig.py; tests/test_ytconfig_output.py; analysis/disassembly/ytconfig.static.txt; analysis/disassembly/ytconfig-output.static.txt; analysis/disassembly/ytconfig.reachable.lst	(missing mapping)	(missing)	missing	identify exact C owner; exact remote bytes and local result; edge tests
ytconfig-scalar-options-and-exit-output	local operator remaining configuration options	75	exact_component_oracle	YTCONFIG:1875..1DF1 sequential I/J/K/A/X/B/C/D/E/F/G dispatch chain: scoreboard path, local-screen toggle, lottery, maximum holds, exit, turns, fighters, credits, initial holds, dead days, maintenance marker, every validation/persistence result, END, and common-menu return	docs/runtime/configuration-editor.md; tools/ytconfig.py; tools/ytconfig_output.py; tools/ytconfig_cleanup.py; tests/test_ytconfig.py; tests/test_ytconfig_output.py; tests/test_ytconfig_cleanup.py; analysis/disassembly/ytconfig.static.txt; analysis/disassembly/ytconfig-output.static.txt; analysis/disassembly/ytconfig-cleanup.static.txt; analysis/disassembly/ytconfig.reachable.lst	(missing mapping)	(missing)	missing	identify exact C owner; exact remote bytes and local result; edge tests
ytconfig-date-name-case-helpers	configuration state later presented or persisted	4	exact_component_oracle	YTCONFIG:1DF1..232D shared date serial, title-style CP437 name normalizer, and ASCII uppercase helper: complete loops, numeric/descriptor state, callers/returns, faults, and returned payload; the helpers emit no direct bytes	docs/runtime/configuration-editor.md; tools/ytconfig.py; tools/ytconfig_output.py; tests/test_ytconfig.py; tests/test_ytconfig_output.py; analysis/disassembly/ytconfig.static.txt; analysis/disassembly/ytconfig-output.static.txt; analysis/disassembly/ytconfig.reachable.lst	(missing mapping)	(missing)	missing	identify exact C owner; exact remote bytes and local result; edge tests
ytmaint-entry-gate-player-prefix-output	local operator daily-maintenance entry and player phase	53	exact_component_oracle	YTMAINT:0030..0517 wrapper/body entry plus reached shared 672D message/news compaction, random OPEN/FIELD and record-1 GET, date/maintenance-marker equality, same-day and ordinary prefixes, protected-sector mine clear, player-phase heading, compaction rows, normal body-return rows, and END/physical error edges	docs/runtime/maintenance-entry.md; tools/ytmaint_entry.py; tools/ytmaint_daily.py; tools/ytmaint_output.py; tests/test_ytmaint_entry.py; tests/test_ytmaint_daily.py; tests/test_ytmaint_output.py; analysis/disassembly/ytmaint-entry.static.txt; analysis/disassembly/ytmaint-output.static.txt; analysis/disassembly/ytmaint.reachable.lst	(missing mapping)	(missing)	missing	identify exact C owner; exact remote bytes and local result; edge tests
ytmaint-player-aging-output	local operator player aging, expiry, and deletion	32	exact_component_oracle	YTMAINT:0517..07A3 bounded records 2..51 player FIELD loop: empty slots, cloak charge/write/expiry priority, expiry display and radio message, inactive deletion display/transaction, the reached 7039 YTNAME/TEMPWORK filter and replacement, all physical prefixes, and the loop back-edge	docs/runtime/maintenance-entry.md; tools/ytmaint_daily.py; tools/ytmaint_output.py; tools/ytname.py; tools/ytname_compaction.py; tests/test_ytmaint_daily.py; tests/test_ytmaint_output.py; tests/test_ytname.py; tests/test_ytname_compaction.py; analysis/disassembly/ytmaint-output.static.txt; analysis/disassembly/ytmaint-ytname-compaction.static.txt; analysis/disassembly/ytmaint.reachable.lst	(missing mapping)	(missing)	missing	identify exact C owner; exact remote bytes and local result; edge tests
ytmaint-port-maintenance-output	local operator port maintenance and plague aggregate	13	exact_component_oracle	YTMAINT:07A3..0FAE inclusive records 2056..3055 PORT FIELD/RNG/PUT loop, exact per-record mutation and draw order, shared physical PUT result domain, zero/nonzero plague-count split, and exact heading/aggregate bytes through the common 0FAE merge	docs/runtime/maintenance-entry.md; tools/ytmaint_daily.py; tools/ytmaint_port.py; tools/ytmaint_output.py; tests/test_ytmaint_daily.py; tests/test_ytmaint_port.py; tests/test_ytmaint_output.py; analysis/disassembly/ytmaint-port.static.txt; analysis/disassembly/ytmaint-output.static.txt; analysis/disassembly/ytmaint.reachable.lst	(missing mapping)	(missing)	missing	identify exact C owner; exact remote bytes and local result; edge tests
ytmaint-planet-maintenance-output	local operator planet maintenance and disaster rows	35	exact_component_oracle	YTMAINT:0FAE..1CE3 inclusive records 3056..3155 scan, strict active predicate, PLANET-layout FIELD mutation, exact disaster draw order and optional rows, shared numeric spellings, per-record physical PUT result domain, and loop merge before the post-planet screen selector	docs/runtime/maintenance-entry.md; tools/ytmaint_daily.py; tools/ytmaint_planet.py; tools/ytmaint_output.py; tests/test_ytmaint_daily.py; tests/test_ytmaint_planet.py; tests/test_ytmaint_output.py; analysis/disassembly/ytmaint-planet.static.txt; analysis/disassembly/ytmaint-output.static.txt; analysis/disassembly/ytmaint.reachable.lst	(missing mapping)	(missing)	missing	identify exact C owner; exact remote bytes and local result; edge tests
ytmaint-wanderer-output	local operator Wanderer relocation rows and news	18	exact_component_oracle	YTMAINT:1CE3..2069 ascending unlink scan, optional rebuild, reseeded candidate loop, final planet update, exact direct-screen rows and YTNEWS append payloads. Every repeated GET/PUT, 79E3 date call, 78F3 bounded-random call, and 57D1 news call is ordered by its real caller address and delegates to that one shared target; failure prefixes retain exactly the bytes emitted before the call	docs/runtime/maintenance-entry.md; docs/file-formats/YTNEWS.md; tools/ytmaint_ai.py; tools/ytmaint_wanderer.py; tools/ytmaint_output.py; tools/ytnews.py; tests/test_ytmaint_ai.py; tests/test_ytmaint_wanderer.py; tests/test_ytmaint_output.py; analysis/disassembly/ytmaint-ai.static.txt; analysis/disassembly/ytmaint-wanderer.static.txt; analysis/disassembly/ytmaint-output.static.txt; analysis/disassembly/ytmaint.reachable.lst	(missing mapping)	(missing)	missing	identify exact C owner; exact remote bytes and local result; edge tests
ytmaint-news-writer-output	generated player-visible YTNEWS rows	3	exact_component_oracle	shared YTMAINT:57D1..5806 append transaction: one file-5 destination selection, the caller-supplied string plus newline, PRINT completion, CLOSE, and SUBROUTINE_END. All callers reuse this one qualified target and supply their own payload/state	docs/file-formats/YTNEWS.md; tools/ytnews.py; tests/test_ytnews.py; analysis/disassembly/ytmaint.reachable.lst	(missing mapping)	(missing)	missing	identify exact C owner; exact remote bytes and local result; edge tests
ytmaint-xannor-output	local operator Xannor maintenance rows, news, and radio	152	exact_component_oracle	YTMAINT:2069..3F73 plus the address-owned 5811 player, 5EFD planet, and 71AF sector arrival targets: exact direct-screen rows, dynamic numeric/string construction, YTNEWS/YTRMSG/death call order, faction/RNG mutations, route/merge back-edges, and all 57 GET/PUT caller interfaces. Every physical site delegates to shared C785/C797 and retains its caller output/state prefix	docs/runtime/maintenance-entry.md; docs/gameplay/maintenance-factions.md; docs/file-formats/YTNEWS.md; docs/file-formats/YTRMSG.md; tools/ytmaint_ai.py; tools/ytmaint_xannor.py; tools/ytmaint_output.py; tools/ytpath.py; tools/ytphysical_get.py; tools/ytphysical_put.py; tools/ytnews.py; tools/ytrmsg.py; tests/test_ytmaint_ai.py; tests/test_ytmaint_xannor.py; tests/test_ytmaint_output.py; analysis/disassembly/ytmaint-ai.static.txt; analysis/disassembly/ytmaint-xannor.static.txt; analysis/disassembly/ytmaint-output.static.txt; analysis/disassembly/ytmaint.reachable.lst	(missing mapping)	(missing)	missing	identify exact C owner; exact remote bytes and local result; edge tests
ytmaint-mercenary-output	local operator Mercenary maintenance rows, news, and radio	106	exact_component_oracle	YTMAINT:3F73..535A: port-tax funding, Base rebuild/pass, ascending defense defection, descending movement with lower-hop re-entry, one-mine arrival damage, planet absorption, defense merge/attack/join, exact direct-screen bytes, and YTNEWS/YTRMSG call order. All 32 inline GET/PUT sites delegate to C785/C797; the 20 ordinary calls resolve by exact destination to the six existing 34EB/57D1/78F3/7939/79E3/7D0B owners	docs/runtime/maintenance-entry.md; docs/gameplay/maintenance-factions.md; docs/file-formats/YTNEWS.md; docs/file-formats/YTRMSG.md; tools/ytmaint_ai.py; tools/ytmaint_mercenary.py; tools/ytmaint_output.py; tools/ytpath.py; tools/ytphysical_get.py; tools/ytphysical_put.py; tools/ytnews.py; tools/ytrmsg.py; tests/test_ytmaint_ai.py; tests/test_ytmaint_mercenary.py; tests/test_ytmaint_output.py; analysis/disassembly/ytmaint-ai.static.txt; analysis/disassembly/ytmaint-mercenary.static.txt; analysis/disassembly/ytmaint-output.static.txt; analysis/disassembly/ytmaint.reachable.lst	(missing mapping)	(missing)	missing	identify exact C owner; exact remote bytes and local result; edge tests
ytmaint-super-lottery-output	local operator Super Lottery rows, news, and radio	113	exact_component_oracle	YTMAINT:535A..57D1 plus reached target 7DB8..8A4C: one parameterized gate/selection/constructor controller, exact direct-screen bytes, winner news and personal radio payloads, final date/configuration/scoreboard suffix, all nine GET/PUT caller interfaces, and all seven ordinary calls. The ordinary calls reuse the existing 57D1/78F3/79E3/7D0B/7DB8 owners by destination identity	docs/runtime/maintenance-entry.md; docs/gameplay/daily-maintenance.md; docs/file-formats/YTNEWS.md; docs/file-formats/YTRMSG.md; docs/file-formats/YTSCORE.md; tools/ytmaint_daily.py; tools/ytmaint_lottery.py; tools/ytmaint_output.py; tools/ytscore.py; tools/ytphysical_get.py; tools/ytphysical_put.py; tools/ytnews.py; tools/ytrmsg.py; tests/test_ytmaint_daily.py; tests/test_ytmaint_lottery.py; tests/test_ytmaint_output.py; tests/test_ytscore.py; analysis/disassembly/ytmaint-daily.static.txt; analysis/disassembly/ytmaint-lottery.static.txt; analysis/disassembly/ytmaint-output.static.txt; analysis/disassembly/ytscore.static.txt; analysis/disassembly/brun-call-ownership.json; analysis/disassembly/ytmaint.reachable.lst	(missing mapping)	(missing)	missing	identify exact C owner; exact remote bytes and local result; edge tests
rmt-init-whole-program-output	operator initialization and remote caller	227	exact_component_oracle	RMT-INIT:[0030,32A0): one rooted entry/reset presenter over the standalone prompt or DORINFO/UART prefix, the address-owned 264D/268F/269E shared output helpers, accepted long-link and repair values in mutation order, bounded sector/port progress loops, all generated text files, completion/return branches, and shared BRUN PRINT/INPUT/physical-error targets	docs/runtime/initialization.md; tools/initializers.py; tools/brun_print.py; tools/qb_input_editor.py; tools/brun_keyboard_input.py; tools/brun_physical_adapter.py; tests/test_initializers.py; analysis/disassembly/rmt-init.static.txt; analysis/disassembly/rmt-init.reachable.lst; analysis/disassembly/brun-call-ownership.json	(missing mapping)	(missing)	missing	identify exact C owner; exact remote bytes and local result; edge tests
portname-whole-program-output	operator utility	68	exact_component_oracle	PORTNAME:[0030,0664): exact bounded whole-program local PRINT/INPUT/framebuffer behavior from process entry through every normal END, including startup and missing-data paths, BRUN INPUT editing/retries, abort and accepted paths, exact RANDOMIZE/RND draw order and generated-name pool, progress rows, 137-byte record replacements, failure prefixes, final screen state, and the successful PLAY event	docs/runtime/portname-output.md; tools/portname_output.py; tests/test_portname_output.py; analysis/disassembly/portname-output.static.txt	(missing mapping)	(missing)	missing	identify exact C owner; exact remote bytes and local result; edge tests
local-launcher-console-output	local-launcher user/operator	105	exact_component_oracle	LOCAL:[0030,0601): exact COLOR/CLS startup, banner, command and interactive selection paths, fourteen-column menu zones, every-fifteenth-entry INKEY$/CLS pagination, raw LINE INPUT editing, relist/abort/Break behavior, Loading/DORINFO/SHELL boundary, default fatal bytes without a source-line clause, all 214 reachable BRUN call-to-saved-IP failure attributions with exact native/intact ERR domains, ordered DORINFO accepted-byte/buffer cuts, exact pre-fault framebuffer classes, joined fatal rendering/cursor restoration/row-25 cleanup, and normal-END bottom-row/cursor cleanup	docs/runtime/local-launcher.md; tools/local_launcher.py; tools/local_launcher_output.py; tools/local_failure_map.py; tools/qb_input_editor.py; tools/ytlocal_screen.py; tests/test_local_launcher_output.py; tests/test_local_failure_map.py; analysis/disassembly/local-launcher-output.static.txt; analysis/disassembly/local-failure-map.static.txt	(missing mapping)	(missing)	missing	identify exact C owner; exact remote bytes and local result; edge tests
local-sysop-controls-and-chat	player/operator	62	exact_component_oracle	F4 raw-local sound notice; F9 exact-mode gate, destructive row-1..24 scroll or CLS/function-bar redraw; F8 raw prompt joined through the complete B5/editor/B7/B8 raw INPUT state, VAL/CSNG/clamp/deadline body, procedure/wrapper return, six direct first-fault cuts and installed-handler routes, and context-sensitive B05D/pager; and F10 raw header, B05D greeting, ANSI/color routing, local/serial arbitration, C0 keys, wrap, carrier cuts, normal END cleanup, carried framebuffer/session state, and the nested-F10 header plus preblank typed first-fault/RETRY graph and ordinary complete raw-world direct-line return/fault/RETRY graph	docs/runtime/sysop-controls.md; docs/runtime/brun-keyboard-input.md; docs/runtime/f8-body-world.md; tools/ytsysop_controls.py; tools/ytsysop_output.py; tools/brun_keyboard_input.py; tools/ytf8_body_world.py; tools/ytf8_fault_output.py; tools/ytf10_fault_output.py; tests/test_ytsysop_output.py; tests/test_brun_keyboard_input.py; tests/test_ytf8_body_world.py; tests/test_ytf8_fault_output.py; tests/test_ytf8_b05d_first_fault.py; analysis/disassembly/ytsysop-output.static.txt; analysis/disassembly/ytf8-body-world.static.txt; analysis/disassembly/ytf8-fault-output.static.txt; analysis/disassembly/ytf10-fault-output.static.txt; docs/runtime/f8-fault-output.md; docs/runtime/f10-fault-output.md	(missing mapping)	(missing)	missing	identify exact C owner; exact remote bytes and local result; edge tests
shared-ytsub-error-handler-output	player/operator	33	exact_component_oracle	YT-SUB:[45F7,4819): exact ordered ERR/ERL dispatch; snoop-gated local debug and direct diagnostic rows; inherited-state autopilot local/serial/news output; three-transaction generic news append; ERR 24 retry-current and fatal END outcomes; static pre- versus post-RESUME failure destinations; modeled pre-operation fault-injection boundaries; parameterized BRUN active-handler fatal local output/cleanup; and both later-viewer and same-process writer-failure command-8 witnesses	docs/runtime/error-router.md; docs/runtime/error-handling.md; docs/file-formats/YTNEWS.md; docs/runtime/computer-newspaper-output.md; tools/ytsub_error_output.py; tools/yterror_router.py; tools/ytcomputer_newspaper_output.py; tests/test_ytsub_error_output.py; tests/test_yterror_router.py; analysis/disassembly/yterror-router.static.txt; analysis/disassembly/ytsub-error-output.static.txt	(missing mapping)	(missing)	missing	identify exact C owner; exact remote bytes and local result; edge tests
main-yt-error-handler-output	player/operator	20	exact_component_oracle	YT:[B2DA,B3FA) plus resumed YT:[A6B4,A6E3): exact ordered ERR/ERL dispatch; forced direct-local debug; retry-current and gameplay RESUME destinations; inherited ANSI/cache/local/remote/carrier/pager fatal and missing-file session streams; successful YTNEWS and ERRORS.DOR APPEND transforms including stale tails; stable open/closed-#4 state across general ERL-40000 recovery; normal END; and zero-commit active-handler second-fault BRUN local output at direct-debug, construction, close/open, and pre-PRINT selector stages in the main handler itself; plus the 11 reachable B1F3-owned active-fault transfers with exact ERR/IP/module/line and prefix shape, plus all 26 reachable B05D frame/allocation/device/ANSI/output/pager-stack cuts with exact ordered state, shared output accepted-prefix adapters, and pre-STOSB COM INPUT status errors. The rooted viewer B05D physical cluster additionally connects LOC/INPUT, both carrier calls, payload/newline partial writes, LOC physical retries, and INPUT ERR57 retries, and the successful A691 return over one raw/file/runtime carrier. The standalone A6B5 oracle is reached by the graph's exact A6B4 no-delivery edge and also accepts an exact returned-handler continuation, rather than treating RESUME and recovery as atomic; and the fatal route consumes a strict ordinal capture tape through recursive pager/editor/terminal checkpoints while retaining active-error FIFO state across modeled second faults; the resumable F10 prefix checkpoints, prefix-local recursive handoff, and explicit-poll pager path are connected through repeated AB70, live Ctrl-R B05D/B1F3, chronological threshold B05D/B1F3/AB36 children, CR 02BF, plain ADE0, save/repeat 0317/02BF/02FC/B05D/B1F3 with exact 94FD waits, post-return NS B05D/B1F3, B04F, terminal 0317/02BF/02FC/B05D/B1F3, and the returned final 02BF, followed by finite poll slices, B626 dispatch, nested returns to B627, exact exit stores, and RETURN to A6B5 as ordinary phase composition	docs/runtime/error-router.md; docs/runtime/main-error-handling.md; docs/runtime/ab36-active-fault-inventory.md; docs/runtime/ab36-active-fault-dispatch-map.md; docs/file-formats/YTNEWS.md; docs/file-formats/file-lifecycle.md; tools/mainerror.py; tools/ytmain_error_output.py; tools/yterror_router.py; tools/ytpager_fault_output.py; tools/ytb05d_fault_output.py; tools/ytab36_fault_inventory.py; tools/ytab36_active_machine.py; tools/ytab36_fault_output.py; tools/ytab36_fault_dispatch_map.py; tests/test_ytmain_error_output.py; tests/test_yterror_router.py; tests/test_ytpager_fault_output.py; tests/test_ytb05d_fault_output.py; docs/runtime/b05d-connected-read-fault-world.md; docs/runtime/b05d-connected-carrier-world.md; docs/runtime/b05d-connected-print-world.md; tools/ytb05d_connected_read_fault_world.py; tools/ytb05d_connected_carrier_world.py; tools/ytb05d_connected_print_world.py; tests/test_ytb05d_connected_read_fault_world.py; tests/test_ytb05d_connected_carrier_world.py; tests/test_ytb05d_connected_print_world.py; analysis/disassembly/ytb05d-connected-read-fault-world.static.txt; analysis/disassembly/ytb05d-connected-carrier-world.static.txt; analysis/disassembly/ytb05d-connected-print-world.static.txt; tests/test_ytab36_fault_inventory.py; tests/test_ytab36_fault_output.py; tests/test_ytab36_fault_dispatch_map.py; analysis/disassembly/yterror-router.static.txt; analysis/disassembly/ytpager-fault-output.static.txt; analysis/disassembly/ytb05d-fault-output.static.txt; analysis/disassembly/ytab36-fault-inventory.static.txt; analysis/disassembly/ytab36-fault-dispatch-map.static.txt; analysis/disassembly/yt.main-error-handler.txt; analysis/disassembly/ytmain-error-output.static.txt	(missing mapping)	(missing)	missing	identify exact C owner; exact remote bytes and local result; edge tests
errors-carrier-timeout-and-help-paths	player	0	aggregate_catalog	remaining caller-level compositions of carrier exits, session timeouts, and help paths outside the exact main-handler family	docs/runtime/presentation-helpers.md; docs/runtime/sysop-controls.md; docs/runtime/startup-login.md; tools/ytpager_input.py	(catalog only)	(not applicable)	verified	none; aggregate owns no presentation sites
